PRAGMA foreign_keys=OFF;
BEGIN TRANSACTION;
CREATE TABLE "django_migrations" ("id" integer NOT NULL PRIMARY KEY AUTOINCREMENT, "app" varchar(255) NOT NULL, "name" varchar(255) NOT NULL, "applied" datetime NOT NULL);
INSERT INTO "django_migrations" VALUES(1,'contenttypes','0001_initial','2017-03-24 06:24:01.806040');
INSERT INTO "django_migrations" VALUES(2,'auth','0001_initial','2017-03-24 06:24:01.838487');
INSERT INTO "django_migrations" VALUES(3,'admin','0001_initial','2017-03-24 06:24:01.862480');
INSERT INTO "django_migrations" VALUES(4,'admin','0002_logentry_remove_auto_add','2017-03-24 06:24:01.886008');
INSERT INTO "django_migrations" VALUES(5,'contenttypes','0002_remove_content_type_name','2017-03-24 06:24:01.928047');
INSERT INTO "django_migrations" VALUES(6,'auth','0002_alter_permission_name_max_length','2017-03-24 06:24:01.949675');
INSERT INTO "django_migrations" VALUES(7,'auth','0003_alter_user_email_max_length','2017-03-24 06:24:01.970064');
INSERT INTO "django_migrations" VALUES(8,'auth','0004_alter_user_username_opts','2017-03-24 06:24:01.993776');
INSERT INTO "django_migrations" VALUES(9,'auth','0005_alter_user_last_login_null','2017-03-24 06:24:02.016463');
INSERT INTO "django_migrations" VALUES(10,'auth','0006_require_contenttypes_0002','2017-03-24 06:24:02.021897');
INSERT INTO "django_migrations" VALUES(11,'auth','0007_alter_validators_add_error_messages','2017-03-24 06:24:02.046069');
INSERT INTO "django_migrations" VALUES(12,'auth','0008_alter_user_username_max_length','2017-03-24 06:24:02.068359');
INSERT INTO "django_migrations" VALUES(13,'crawler','0001_initial','2017-03-24 06:24:02.092641');
INSERT INTO "django_migrations" VALUES(14,'crawler','0002_auto_20170322_1834','2017-03-24 06:24:02.119339');
INSERT INTO "django_migrations" VALUES(15,'crawler','0003_auto_20170322_1844','2017-03-24 06:24:02.137389');
INSERT INTO "django_migrations" VALUES(16,'polls','0001_initial','2017-03-24 06:24:02.157087');
INSERT INTO "django_migrations" VALUES(17,'sessions','0001_initial','2017-03-24 06:24:02.170921');
INSERT INTO "django_migrations" VALUES(18,'courses','0001_initial','2017-03-25 13:53:23.059861');
INSERT INTO "django_migrations" VALUES(19,'courses','0002_content_file_image_text_video','2017-03-25 13:53:23.141625');
INSERT INTO "django_migrations" VALUES(20,'courses','0003_auto_20150707_1152','2017-03-25 13:53:23.218735');
INSERT INTO "django_migrations" VALUES(21,'courses','0004_course_students','2017-03-25 13:53:23.250414');
INSERT INTO "django_migrations" VALUES(22,'courses','0005_auto_20170324_1136','2017-03-25 13:53:23.282215');
INSERT INTO "django_migrations" VALUES(23,'courses','0006_auto_20170325_0927','2017-03-25 13:53:23.312917');
INSERT INTO "django_migrations" VALUES(24,'courses','0007_auto_20170325_0938','2017-03-25 13:53:23.344850');
INSERT INTO "django_migrations" VALUES(25,'courses','0008_auto_20170325_1003','2017-03-25 13:53:23.397688');
INSERT INTO "django_migrations" VALUES(26,'courses','0009_auto_20170325_1847','2017-03-25 13:53:23.426937');
CREATE TABLE "auth_group" ("id" integer NOT NULL PRIMARY KEY AUTOINCREMENT, "name" varchar(80) NOT NULL UNIQUE);
CREATE TABLE "auth_group_permissions" ("id" integer NOT NULL PRIMARY KEY AUTOINCREMENT, "group_id" integer NOT NULL REFERENCES "auth_group" ("id"), "permission_id" integer NOT NULL REFERENCES "auth_permission" ("id"));
CREATE TABLE "auth_user_groups" ("id" integer NOT NULL PRIMARY KEY AUTOINCREMENT, "user_id" integer NOT NULL REFERENCES "auth_user" ("id"), "group_id" integer NOT NULL REFERENCES "auth_group" ("id"));
CREATE TABLE "auth_user_user_permissions" ("id" integer NOT NULL PRIMARY KEY AUTOINCREMENT, "user_id" integer NOT NULL REFERENCES "auth_user" ("id"), "permission_id" integer NOT NULL REFERENCES "auth_permission" ("id"));
CREATE TABLE "django_admin_log" ("id" integer NOT NULL PRIMARY KEY AUTOINCREMENT, "object_id" text NULL, "object_repr" varchar(200) NOT NULL, "action_flag" smallint unsigned NOT NULL, "change_message" text NOT NULL, "content_type_id" integer NULL REFERENCES "django_content_type" ("id"), "user_id" integer NOT NULL REFERENCES "auth_user" ("id"), "action_time" datetime NOT NULL);
INSERT INTO "django_admin_log" VALUES(1,'1','今天天气怎样？',1,'[{"added": {}}, {"added": {"name": "choice", "object": "\u6674\u5929"}}, {"added": {"name": "choice", "object": "\u4e0b\u96e8"}}, {"added": {"name": "choice", "object": "\u591a\u4e91"}}, {"added": {"name": "choice", "object": "\u56de\u5357\u5929\uff1f\uff1f\uff1f\uff1f"}}]',1,1,'2017-03-24 06:49:24.997973');
INSERT INTO "django_admin_log" VALUES(2,'2','晚饭吃点什么?',1,'[{"added": {}}, {"added": {"name": "choice", "object": "\u81ea\u5df1\u505a"}}, {"added": {"name": "choice", "object": "\u53eb\u5916\u5356"}}, {"added": {"name": "choice", "object": "\u4e0b\u9986\u5b50"}}]',1,1,'2017-03-24 06:50:06.522360');
INSERT INTO "django_admin_log" VALUES(3,'1','编程',1,'[{"added": {}}]',15,1,'2017-03-25 13:57:40.318723');
INSERT INTO "django_admin_log" VALUES(4,'2','做菜',1,'[{"added": {}}]',15,1,'2017-03-25 13:58:04.283163');
INSERT INTO "django_admin_log" VALUES(5,'1','计算机科学',1,'[{"added": {}}, {"added": {"name": "module", "object": "0. \u8ba1\u7b97\u673a\u8d77\u6e90"}}, {"added": {"name": "module", "object": "1. \u8ba1\u7b97\u673a\u6784\u6210"}}]',16,1,'2017-03-25 13:59:43.847619');
INSERT INTO "django_admin_log" VALUES(6,'3','admin',1,'[{"added": {}}]',4,1,'2017-03-25 14:34:11.009656');
INSERT INTO "django_admin_log" VALUES(7,'23','Terastar',3,'',9,1,'2017-03-27 04:27:00.754797');
INSERT INTO "django_admin_log" VALUES(8,'22','fujie',3,'',9,1,'2017-03-27 04:27:00.761643');
INSERT INTO "django_admin_log" VALUES(9,'21','wufaling',3,'',9,1,'2017-03-27 04:27:00.767036');
INSERT INTO "django_admin_log" VALUES(10,'20','7431300784',3,'',9,1,'2017-03-27 04:27:00.774107');
INSERT INTO "django_admin_log" VALUES(11,'19','4364582897',3,'',9,1,'2017-03-27 04:27:00.779514');
INSERT INTO "django_admin_log" VALUES(12,'18','9905072371',3,'',9,1,'2017-03-27 04:27:00.785536');
INSERT INTO "django_admin_log" VALUES(13,'17','5053613364',3,'',9,1,'2017-03-27 04:27:00.790713');
INSERT INTO "django_admin_log" VALUES(14,'16','simon',3,'',9,1,'2017-03-27 04:27:00.797493');
INSERT INTO "django_admin_log" VALUES(15,'15','daniel',3,'',9,1,'2017-03-27 04:27:00.803078');
INSERT INTO "django_admin_log" VALUES(16,'14','6677862831',3,'',9,1,'2017-03-27 04:27:00.810277');
INSERT INTO "django_admin_log" VALUES(17,'12','1456194961',3,'',9,1,'2017-03-27 04:27:00.817146');
INSERT INTO "django_admin_log" VALUES(18,'11','7355827634',3,'',9,1,'2017-03-27 04:27:00.822916');
INSERT INTO "django_admin_log" VALUES(19,'10','1877878804',3,'',9,1,'2017-03-27 04:27:00.858151');
INSERT INTO "django_admin_log" VALUES(20,'9','Templeton',3,'',9,1,'2017-03-27 04:27:00.864711');
INSERT INTO "django_admin_log" VALUES(21,'8','6510147098',3,'',9,1,'2017-03-27 04:27:00.870229');
INSERT INTO "django_admin_log" VALUES(22,'7','1746253987',3,'',9,1,'2017-03-27 04:27:00.877270');
INSERT INTO "django_admin_log" VALUES(23,'5','5917780874',3,'',9,1,'2017-03-27 04:27:00.882659');
INSERT INTO "django_admin_log" VALUES(24,'4','eastStone',3,'',9,1,'2017-03-27 04:27:00.889506');
INSERT INTO "django_admin_log" VALUES(25,'3','cwtx',3,'',9,1,'2017-03-27 04:27:00.894838');
CREATE TABLE "django_content_type" ("id" integer NOT NULL PRIMARY KEY AUTOINCREMENT, "app_label" varchar(100) NOT NULL, "model" varchar(100) NOT NULL);
INSERT INTO "django_content_type" VALUES(1,'polls','question');
INSERT INTO "django_content_type" VALUES(2,'polls','choice');
INSERT INTO "django_content_type" VALUES(3,'admin','logentry');
INSERT INTO "django_content_type" VALUES(4,'auth','user');
INSERT INTO "django_content_type" VALUES(5,'auth','permission');
INSERT INTO "django_content_type" VALUES(6,'auth','group');
INSERT INTO "django_content_type" VALUES(7,'contenttypes','contenttype');
INSERT INTO "django_content_type" VALUES(8,'sessions','session');
INSERT INTO "django_content_type" VALUES(9,'crawler','portfolio');
INSERT INTO "django_content_type" VALUES(10,'crawler','accumulated_position');
INSERT INTO "django_content_type" VALUES(11,'crawler','positions_change');
INSERT INTO "django_content_type" VALUES(12,'courses','file');
INSERT INTO "django_content_type" VALUES(13,'courses','image');
INSERT INTO "django_content_type" VALUES(14,'courses','text');
INSERT INTO "django_content_type" VALUES(15,'courses','subject');
INSERT INTO "django_content_type" VALUES(16,'courses','course');
INSERT INTO "django_content_type" VALUES(17,'courses','video');
INSERT INTO "django_content_type" VALUES(18,'courses','module');
INSERT INTO "django_content_type" VALUES(19,'courses','content');
CREATE TABLE "auth_permission" ("id" integer NOT NULL PRIMARY KEY AUTOINCREMENT, "content_type_id" integer NOT NULL REFERENCES "django_content_type" ("id"), "codename" varchar(100) NOT NULL, "name" varchar(255) NOT NULL);
INSERT INTO "auth_permission" VALUES(1,1,'add_question','Can add question');
INSERT INTO "auth_permission" VALUES(2,1,'change_question','Can change question');
INSERT INTO "auth_permission" VALUES(3,1,'delete_question','Can delete question');
INSERT INTO "auth_permission" VALUES(4,2,'add_choice','Can add choice');
INSERT INTO "auth_permission" VALUES(5,2,'change_choice','Can change choice');
INSERT INTO "auth_permission" VALUES(6,2,'delete_choice','Can delete choice');
INSERT INTO "auth_permission" VALUES(7,3,'add_logentry','Can add log entry');
INSERT INTO "auth_permission" VALUES(8,3,'change_logentry','Can change log entry');
INSERT INTO "auth_permission" VALUES(9,3,'delete_logentry','Can delete log entry');
INSERT INTO "auth_permission" VALUES(10,4,'add_user','Can add user');
INSERT INTO "auth_permission" VALUES(11,4,'change_user','Can change user');
INSERT INTO "auth_permission" VALUES(12,4,'delete_user','Can delete user');
INSERT INTO "auth_permission" VALUES(13,5,'add_permission','Can add permission');
INSERT INTO "auth_permission" VALUES(14,5,'change_permission','Can change permission');
INSERT INTO "auth_permission" VALUES(15,5,'delete_permission','Can delete permission');
INSERT INTO "auth_permission" VALUES(16,6,'add_group','Can add group');
INSERT INTO "auth_permission" VALUES(17,6,'change_group','Can change group');
INSERT INTO "auth_permission" VALUES(18,6,'delete_group','Can delete group');
INSERT INTO "auth_permission" VALUES(19,7,'add_contenttype','Can add content type');
INSERT INTO "auth_permission" VALUES(20,7,'change_contenttype','Can change content type');
INSERT INTO "auth_permission" VALUES(21,7,'delete_contenttype','Can delete content type');
INSERT INTO "auth_permission" VALUES(22,8,'add_session','Can add session');
INSERT INTO "auth_permission" VALUES(23,8,'change_session','Can change session');
INSERT INTO "auth_permission" VALUES(24,8,'delete_session','Can delete session');
INSERT INTO "auth_permission" VALUES(25,9,'add_portfolio','Can add portfolio');
INSERT INTO "auth_permission" VALUES(26,9,'change_portfolio','Can change portfolio');
INSERT INTO "auth_permission" VALUES(27,9,'delete_portfolio','Can delete portfolio');
INSERT INTO "auth_permission" VALUES(28,10,'add_accumulated_position','Can add accumulated_position');
INSERT INTO "auth_permission" VALUES(29,10,'change_accumulated_position','Can change accumulated_position');
INSERT INTO "auth_permission" VALUES(30,10,'delete_accumulated_position','Can delete accumulated_position');
INSERT INTO "auth_permission" VALUES(31,11,'add_positions_change','Can add positions_change');
INSERT INTO "auth_permission" VALUES(32,11,'change_positions_change','Can change positions_change');
INSERT INTO "auth_permission" VALUES(33,11,'delete_positions_change','Can delete positions_change');
INSERT INTO "auth_permission" VALUES(34,12,'add_file','Can add file');
INSERT INTO "auth_permission" VALUES(35,12,'change_file','Can change file');
INSERT INTO "auth_permission" VALUES(36,12,'delete_file','Can delete file');
INSERT INTO "auth_permission" VALUES(37,13,'add_image','Can add image');
INSERT INTO "auth_permission" VALUES(38,13,'change_image','Can change image');
INSERT INTO "auth_permission" VALUES(39,13,'delete_image','Can delete image');
INSERT INTO "auth_permission" VALUES(40,14,'add_text','Can add text');
INSERT INTO "auth_permission" VALUES(41,14,'change_text','Can change text');
INSERT INTO "auth_permission" VALUES(42,14,'delete_text','Can delete text');
INSERT INTO "auth_permission" VALUES(43,15,'add_subject','Can add subject');
INSERT INTO "auth_permission" VALUES(44,15,'change_subject','Can change subject');
INSERT INTO "auth_permission" VALUES(45,15,'delete_subject','Can delete subject');
INSERT INTO "auth_permission" VALUES(46,16,'add_course','Can add course');
INSERT INTO "auth_permission" VALUES(47,16,'change_course','Can change course');
INSERT INTO "auth_permission" VALUES(48,16,'delete_course','Can delete course');
INSERT INTO "auth_permission" VALUES(49,17,'add_video','Can add video');
INSERT INTO "auth_permission" VALUES(50,17,'change_video','Can change video');
INSERT INTO "auth_permission" VALUES(51,17,'delete_video','Can delete video');
INSERT INTO "auth_permission" VALUES(52,18,'add_module','Can add module');
INSERT INTO "auth_permission" VALUES(53,18,'change_module','Can change module');
INSERT INTO "auth_permission" VALUES(54,18,'delete_module','Can delete module');
INSERT INTO "auth_permission" VALUES(55,19,'add_content','Can add content');
INSERT INTO "auth_permission" VALUES(56,19,'change_content','Can change content');
INSERT INTO "auth_permission" VALUES(57,19,'delete_content','Can delete content');
CREATE TABLE "auth_user" ("id" integer NOT NULL PRIMARY KEY AUTOINCREMENT, "password" varchar(128) NOT NULL, "last_login" datetime NULL, "is_superuser" bool NOT NULL, "first_name" varchar(30) NOT NULL, "last_name" varchar(30) NOT NULL, "email" varchar(254) NOT NULL, "is_staff" bool NOT NULL, "is_active" bool NOT NULL, "date_joined" datetime NOT NULL, "username" varchar(150) NOT NULL UNIQUE);
INSERT INTO "auth_user" VALUES(1,'pbkdf2_sha256$30000$60nHM8qnqq5u$caTJFrD/Do6Td8wWF+nMivFYvSRBTfQnFuMDbZeYKeI=','2017-03-25 21:45:42.830667',1,'','','',1,1,'2017-03-24 06:48:36.105416','jacob');
INSERT INTO "auth_user" VALUES(2,'pbkdf2_sha256$30000$bkMvqV0wnnLn$/dw8cirgPsyuOonIEBH7lyUsvKk74cu2GdU0xAe5HHw=','2017-03-25 13:56:17.237548',0,'','','',0,1,'2017-03-25 13:56:17.110002','chengjian');
INSERT INTO "auth_user" VALUES(3,'pbkdf2_sha256$30000$9IIyV4sBWL1v$ns6qGhh1i8dsJQyvSILSufubZ7c6Mb0aTLb7l2mrRB0=','2017-03-25 21:41:46.265425',0,'','','',0,1,'2017-03-25 14:34:10.971211','admin');
CREATE TABLE "crawler_positions_change" ("id" integer NOT NULL PRIMARY KEY AUTOINCREMENT, "time" datetime NOT NULL, "name" varchar(80) NOT NULL, "code" varchar(20) NOT NULL, "detail" varchar(80) NOT NULL, "portfolio_id" integer NOT NULL REFERENCES "crawler_portfolio" ("id"));
INSERT INTO "crawler_positions_change" VALUES(282471,'2017-03-27 02:02:22.684000','格雷厄姆A股系统','ZH695187','浦发银行: 4.1% ⇩ 0.0%',1);
INSERT INTO "crawler_positions_change" VALUES(282472,'2017-03-27 02:02:22.684000','格雷厄姆A股系统','ZH695187','中国石化: 7.04% ⬆ 9.0%',1);
INSERT INTO "crawler_positions_change" VALUES(282473,'2017-03-27 02:02:22.684000','格雷厄姆A股系统','ZH695187','大秦铁路: 5.98% ⬆ 8.12%',1);
INSERT INTO "crawler_positions_change" VALUES(282474,'2017-03-15 01:39:48.904000','格雷厄姆A股系统','ZH695187','国投电力: 16.04% ⬆ 16.05%',1);
INSERT INTO "crawler_positions_change" VALUES(282475,'2017-03-15 01:39:48.904000','格雷厄姆A股系统','ZH695187','银华日利: 4.95% ⇩ 0.0%',1);
INSERT INTO "crawler_positions_change" VALUES(282476,'2017-03-15 01:39:48.904000','格雷厄姆A股系统','ZH695187','国投电力: 11.08% ⬆ 16.04%',1);
INSERT INTO "crawler_positions_change" VALUES(282477,'2017-03-13 05:00:42.570000','格雷厄姆A股系统','ZH695187','银华日利: 9.96% ⇩ 5.0%',1);
INSERT INTO "crawler_positions_change" VALUES(282478,'2017-03-13 05:00:42.570000','格雷厄姆A股系统','ZH695187','国投电力: 5.5% ⬆ 10.45%',1);
INSERT INTO "crawler_positions_change" VALUES(282479,'2017-03-10 05:45:29.856000','格雷厄姆A股系统','ZH695187','银华日利: 20.44% ⇩ 10.0%',1);
INSERT INTO "crawler_positions_change" VALUES(282480,'2017-03-10 05:45:29.856000','格雷厄姆A股系统','ZH695187','中国银行: 4.64% ⬆ 6.76%',1);
INSERT INTO "crawler_positions_change" VALUES(282481,'2017-03-10 05:45:29.856000','格雷厄姆A股系统','ZH695187','证券ETF: 5.37% ⬆ 8.0%',1);
INSERT INTO "crawler_positions_change" VALUES(282482,'2017-03-10 05:45:29.856000','格雷厄姆A股系统','ZH695187','兴业银行: 4.32% ⬆ 7.0%',1);
INSERT INTO "crawler_positions_change" VALUES(282483,'2017-03-10 05:45:29.856000','格雷厄姆A股系统','ZH695187','中国建筑: 0% ⬆ 3.0%',1);
INSERT INTO "crawler_positions_change" VALUES(282484,'2017-03-22 01:42:00.072000','小石头','ZH789780','银华日利: 56.74% ⇩ 55.7%',1);
INSERT INTO "crawler_positions_change" VALUES(282485,'2017-03-22 01:42:00.072000','小石头','ZH789780','民生银行: 2.99% ⬆ 4.0%',1);
INSERT INTO "crawler_positions_change" VALUES(282486,'2017-03-21 03:12:23.950000','小石头','ZH789780','银华日利: 57.78% ⇩ 56.75%',1);
INSERT INTO "crawler_positions_change" VALUES(282487,'2017-03-21 03:12:23.950000','小石头','ZH789780','民生银行: 1.97% ⬆ 3.0%',1);
INSERT INTO "crawler_positions_change" VALUES(282488,'2017-03-15 01:47:10.308000','小石头','ZH789780','银华日利: 58.6% ⇩ 57.59%',1);
INSERT INTO "crawler_positions_change" VALUES(282489,'2017-03-15 01:47:10.308000','小石头','ZH789780','民生银行: 0.98% ⬆ 2.0%',1);
INSERT INTO "crawler_positions_change" VALUES(282490,'2017-03-27 03:07:41.520000','草根闪亮','ZH993611','中科创达: 0% ⬆ 3.0%',1);
INSERT INTO "crawler_positions_change" VALUES(282491,'2017-03-27 03:01:18.536000','草根闪亮','ZH993611','豫能控股: 24.21% ⬆ 30.0%',1);
INSERT INTO "crawler_positions_change" VALUES(282492,'2017-03-27 02:43:45.565000','草根闪亮','ZH993611','华兰生物: 3.03% ⬆ 10.0%',1);
INSERT INTO "crawler_positions_change" VALUES(282493,'2017-03-27 02:37:52.709000','草根闪亮','ZH993611','新宝股份: 15.19% ⬆ 20.0%',1);
INSERT INTO "crawler_positions_change" VALUES(282494,'2017-03-27 02:27:22.687000','草根闪亮','ZH993611','国金证券: 10.46% ⇩ 3.0%',1);
INSERT INTO "crawler_positions_change" VALUES(282495,'2017-03-23 06:19:09.349000','草根闪亮','ZH993611','青海华鼎: 20.23% ⇩ 10.0%',1);
INSERT INTO "crawler_positions_change" VALUES(282496,'2017-03-23 05:52:27.738000','草根闪亮','ZH993611','豫能控股: 18.92% ⬆ 24.0%',1);
INSERT INTO "crawler_positions_change" VALUES(282497,'2017-03-23 02:21:05.638000','草根闪亮','ZH993611','青海华鼎: 30.25% ⇩ 20.0%',1);
INSERT INTO "crawler_positions_change" VALUES(282498,'2017-03-22 06:50:43.555000','草根闪亮','ZH993611','国金证券: 4.98% ⬆ 10.0%',1);
INSERT INTO "crawler_positions_change" VALUES(282499,'2017-03-22 06:27:59.113000','草根闪亮','ZH993611','青海华鼎: 39.64% ⇩ 30.0%',1);
INSERT INTO "crawler_positions_change" VALUES(282500,'2017-03-22 05:20:42.069000','草根闪亮','ZH993611','国金证券: 0% ⬆ 5.0%',1);
INSERT INTO "crawler_positions_change" VALUES(282501,'2017-03-22 03:12:51.967000','草根闪亮','ZH993611','劲拓股份: 4.71% ⬆ 10.0%',1);
INSERT INTO "crawler_positions_change" VALUES(282502,'2017-03-22 02:29:03.998000','草根闪亮','ZH993611','好莱客: 7.18% ⇩ 3.0%',1);
INSERT INTO "crawler_positions_change" VALUES(282503,'2017-03-20 02:18:59.992000','草根闪亮','ZH993611','华兰生物: 0% ⬆ 3.0%',1);
INSERT INTO "crawler_positions_change" VALUES(282504,'2017-03-20 02:17:17.940000','草根闪亮','ZH993611','好莱客: 4.98% ⬆ 7.0%',1);
INSERT INTO "crawler_positions_change" VALUES(282505,'2017-03-20 02:16:40.524000','草根闪亮','ZH993611','好莱客: 0% ⬆ 5.0%',1);
INSERT INTO "crawler_positions_change" VALUES(282506,'2017-03-13 02:47:34.527000','草根闪亮','ZH993611','豫能控股: 18.25% ⬆ 20.0%',1);
INSERT INTO "crawler_positions_change" VALUES(282507,'2017-03-13 01:46:32.790000','草根闪亮','ZH993611','豫能控股: 14.79% ⬆ 18.0%',1);
INSERT INTO "crawler_positions_change" VALUES(282508,'2017-03-10 02:35:58.746000','草根闪亮','ZH993611','新宝股份: 13.2% ⬆ 15.0%',1);
INSERT INTO "crawler_positions_change" VALUES(282509,'2017-03-10 02:35:19.134000','草根闪亮','ZH993611','豫能控股: 9.89% ⬆ 15.0%',1);
INSERT INTO "crawler_positions_change" VALUES(282510,'2017-03-20 06:51:53.167000','物理法则','ZH492024','贵州茅台: 28.59% ⇩ 26.0%',1);
INSERT INTO "crawler_positions_change" VALUES(282511,'2017-03-20 06:51:53.167000','物理法则','ZH492024','格力电器: 51.71% ⬆ 52.0%',1);
INSERT INTO "crawler_positions_change" VALUES(282512,'2017-03-20 06:51:53.167000','物理法则','ZH492024','美的集团: 19.7% ⬆ 22.0%',1);
INSERT INTO "crawler_positions_change" VALUES(282513,'2017-03-17 01:30:58.602000','饕餮海4号','ZH152494','华宝添益: 4.89% ⬆ 5.0%',1);
INSERT INTO "crawler_positions_change" VALUES(282514,'2017-03-17 01:30:58.602000','饕餮海4号','ZH152494','川投能源: 15.28% ⇩ 3.82%',1);
INSERT INTO "crawler_positions_change" VALUES(282515,'2017-03-17 01:30:58.602000','饕餮海4号','ZH152494','福耀玻璃: 4.49% ⇩ 3.0%',1);
INSERT INTO "crawler_positions_change" VALUES(282516,'2017-03-17 01:30:58.602000','饕餮海4号','ZH152494','长安汽车: 39.16% ⇩ 5.0%',1);
INSERT INTO "crawler_positions_change" VALUES(282517,'2017-03-17 01:30:58.602000','饕餮海4号','ZH152494','华宝添益: 1.62% ⬆ 4.89%',1);
INSERT INTO "crawler_positions_change" VALUES(282518,'2017-03-17 01:30:58.602000','饕餮海4号','ZH152494','信立泰: 0% ⬆ 5.0%',1);
INSERT INTO "crawler_positions_change" VALUES(282519,'2017-03-17 01:30:58.602000','饕餮海4号','ZH152494','潍柴动力: 0% ⬆ 5.0%',1);
INSERT INTO "crawler_positions_change" VALUES(282520,'2017-03-17 01:30:58.602000','饕餮海4号','ZH152494','春秋航空: 6.08% ⬆ 12.0%',1);
INSERT INTO "crawler_positions_change" VALUES(282521,'2017-03-17 01:30:58.602000','饕餮海4号','ZH152494','光明地产: 0% ⬆ 7.0%',1);
INSERT INTO "crawler_positions_change" VALUES(282522,'2017-03-17 01:30:58.602000','饕餮海4号','ZH152494','迈克生物: 0% ⬆ 8.0%',1);
INSERT INTO "crawler_positions_change" VALUES(282523,'2017-03-17 01:30:58.602000','饕餮海4号','ZH152494','中集集团: 1.98% ⬆ 15.0%',1);
INSERT INTO "crawler_positions_change" VALUES(282524,'2017-03-08 01:35:04.736000','饕餮海4号','ZH152494','银华日利: 11.51% ⇩ 1.0%',1);
INSERT INTO "crawler_positions_change" VALUES(282525,'2017-03-08 01:35:04.736000','饕餮海4号','ZH152494','长安汽车: 29.59% ⬆ 40.0%',1);
INSERT INTO "crawler_positions_change" VALUES(282526,'2017-03-23 06:28:05.530000','实盘','ZH710709','福耀玻璃: 11.95% ⬆ 11.97%',1);
INSERT INTO "crawler_positions_change" VALUES(282527,'2017-03-23 06:28:05.530000','实盘','ZH710709','川投能源: 8.34% ⇩ 1.0%',1);
INSERT INTO "crawler_positions_change" VALUES(282528,'2017-03-23 06:28:05.530000','实盘','ZH710709','H股B: 9.62% ⇩ 5.0%',1);
INSERT INTO "crawler_positions_change" VALUES(282529,'2017-03-23 06:28:05.530000','实盘','ZH710709','福耀玻璃: 0% ⬆ 11.95%',1);
INSERT INTO "crawler_positions_change" VALUES(282530,'2017-03-20 02:58:32.351000','实盘','ZH710709','华夏幸福: 9.69% ⇩ 1.0%',1);
INSERT INTO "crawler_positions_change" VALUES(282531,'2017-03-20 02:58:32.351000','实盘','ZH710709','川投能源: 0% ⬆ 8.69%',1);
INSERT INTO "crawler_positions_change" VALUES(282532,'2017-03-15 02:36:07.441000','谦和资本','ZH155767','国投电力: 3.17% ⇩ 2.0%',1);
INSERT INTO "crawler_positions_change" VALUES(282533,'2017-03-15 02:36:07.441000','谦和资本','ZH155767','华宝添益: 38.85% ⬆ 40.0%',1);
INSERT INTO "crawler_positions_change" VALUES(282534,'2017-03-13 02:49:24.855000','谦和资本','ZH155767','华宝添益: 39.52% ⇩ 39.0%',1);
INSERT INTO "crawler_positions_change" VALUES(282535,'2017-03-13 02:49:24.855000','谦和资本','ZH155767','长安汽车: 2.95% ⬆ 4.0%',1);
INSERT INTO "crawler_positions_change" VALUES(282536,'2017-03-24 05:22:13.392000','1号乌龟','ZH973683','华域汽车: 0% ⬆ 10.0%',1);
INSERT INTO "crawler_positions_change" VALUES(282537,'2017-03-24 02:46:54.072000','1号乌龟','ZH973683','万华化学: 30.48% ⬆ 31.0%',1);
INSERT INTO "crawler_positions_change" VALUES(282538,'2017-03-23 06:13:53.560000','1号乌龟','ZH973683','万华化学: 24.46% ⬆ 30.0%',1);
INSERT INTO "crawler_positions_change" VALUES(282539,'2017-03-23 02:53:21.521000','1号乌龟','ZH973683','迎驾贡酒: 4.93% ⇩ 0.0%',1);
INSERT INTO "crawler_positions_change" VALUES(282540,'2017-03-23 02:53:21.521000','1号乌龟','ZH973683','泸州老窖: 10.02% ⬆ 15.0%',1);
INSERT INTO "crawler_positions_change" VALUES(282541,'2017-03-21 06:54:44.039000','1号乌龟','ZH973683','海信电器: 9.81% ⇩ 0.0%',1);
INSERT INTO "crawler_positions_change" VALUES(282542,'2017-03-21 06:54:44.039000','1号乌龟','ZH973683','迎驾贡酒: 0% ⬆ 5.0%',1);
INSERT INTO "crawler_positions_change" VALUES(282543,'2017-03-21 03:13:15.523000','1号乌龟','ZH973683','上汽集团: 24.91% ⬆ 31.0%',1);
INSERT INTO "crawler_positions_change" VALUES(282544,'2017-03-21 02:11:16.954000','1号乌龟','ZH973683','泸州老窖: 15.65% ⇩ 10.0%',1);
INSERT INTO "crawler_positions_change" VALUES(282545,'2017-03-20 05:51:55.380000','1号乌龟','ZH973683','招商银行: 9.93% ⇩ 0.0%',1);
INSERT INTO "crawler_positions_change" VALUES(282546,'2017-03-20 05:00:35.884000','1号乌龟','ZH973683','上汽集团: 19.77% ⬆ 25.0%',1);
INSERT INTO "crawler_positions_change" VALUES(282547,'2017-03-20 01:50:06.951000','1号乌龟','ZH973683','五粮液: 0% ⬆ 6.0%',1);
INSERT INTO "crawler_positions_change" VALUES(282548,'2017-03-16 02:44:23.656000','1号乌龟','ZH973683','中国平安: 5.02% ⇩ 0.0%',1);
INSERT INTO "crawler_positions_change" VALUES(282549,'2017-03-16 02:44:23.656000','1号乌龟','ZH973683','中国人寿: 5.0% ⇩ 0.0%',1);
INSERT INTO "crawler_positions_change" VALUES(282550,'2017-03-14 03:29:55.186000','1号乌龟','ZH973683','泸州老窖: 10.06% ⬆ 15.0%',1);
INSERT INTO "crawler_positions_change" VALUES(282551,'2017-03-14 03:10:47.721000','1号乌龟','ZH973683','上汽集团: 14.86% ⬆ 20.0%',1);
INSERT INTO "crawler_positions_change" VALUES(282552,'2017-03-14 01:55:07.731000','1号乌龟','ZH973683','川投能源: 5.02% ⇩ 0.0%',1);
INSERT INTO "crawler_positions_change" VALUES(282553,'2017-03-14 01:55:07.731000','1号乌龟','ZH973683','海信电器: 0% ⬆ 10.0%',1);
INSERT INTO "crawler_positions_change" VALUES(282554,'2017-03-13 01:38:38.088000','1号乌龟','ZH973683','五粮液: 5.08% ⇩ 0.0%',1);
INSERT INTO "crawler_positions_change" VALUES(282555,'2017-03-10 06:39:05.242000','1号乌龟','ZH973683','上汽集团: 10.05% ⬆ 15.0%',1);
INSERT INTO "crawler_positions_change" VALUES(282556,'2017-03-09 06:30:15.148000','1号乌龟','ZH973683','上汽集团: 4.95% ⬆ 10.0%',1);
INSERT INTO "crawler_positions_change" VALUES(282557,'2017-03-09 05:56:47.601000','1号乌龟','ZH973683','五粮液: 0% ⬆ 5.0%',1);
INSERT INTO "crawler_positions_change" VALUES(282558,'2017-03-09 05:07:18.977000','1号乌龟','ZH973683','万华化学: 21.75% ⬆ 25.0%',1);
INSERT INTO "crawler_positions_change" VALUES(282559,'2017-03-08 02:28:18.239000','1号乌龟','ZH973683','招商银行: 5.03% ⬆ 10.0%',1);
INSERT INTO "crawler_positions_change" VALUES(282560,'2017-03-27 02:18:50.364000','战胜指数投资','ZH002191','福耀玻璃: 8.17% ⇩ 8.0%',1);
INSERT INTO "crawler_positions_change" VALUES(282561,'2017-03-27 02:18:50.364000','战胜指数投资','ZH002191','银华日利: 7.94% ⬆ 8.0%',1);
INSERT INTO "crawler_positions_change" VALUES(282562,'2017-03-27 02:18:50.364000','战胜指数投资','ZH002191','中国建筑: 8.54% ⬆ 9.0%',1);
INSERT INTO "crawler_positions_change" VALUES(282563,'2017-03-24 06:59:45.767000','战胜指数投资','ZH002191','福耀玻璃: 8.96% ⇩ 8.0%',1);
INSERT INTO "crawler_positions_change" VALUES(282564,'2017-03-24 06:59:45.767000','战胜指数投资','ZH002191','银华日利: 6.97% ⬆ 8.0%',1);
INSERT INTO "crawler_positions_change" VALUES(282565,'2017-03-24 05:42:13.682000','战胜指数投资','ZH002191','福耀玻璃: 9.11% ⇩ 9.0%',1);
INSERT INTO "crawler_positions_change" VALUES(282566,'2017-03-24 05:42:13.682000','战胜指数投资','ZH002191','银华日利: 6.99% ⬆ 7.0%',1);
INSERT INTO "crawler_positions_change" VALUES(282567,'2017-03-24 02:34:25.834000','战胜指数投资','ZH002191','伟星新材: 1.04% ⇩ 1.0%',1);
INSERT INTO "crawler_positions_change" VALUES(282568,'2017-03-24 02:34:25.834000','战胜指数投资','ZH002191','福耀玻璃: 9.99% ⇩ 9.0%',1);
INSERT INTO "crawler_positions_change" VALUES(282569,'2017-03-24 02:34:25.834000','战胜指数投资','ZH002191','华夏幸福: 30.98% ⬆ 32.0%',1);
INSERT INTO "crawler_positions_change" VALUES(282570,'2017-03-24 02:26:23.106000','战胜指数投资','ZH002191','威孚高科: 0.83% ⇩ 0.0%',1);
INSERT INTO "crawler_positions_change" VALUES(282571,'2017-03-24 02:26:23.106000','战胜指数投资','ZH002191','长安汽车: 3.98% ⬆ 4.0%',1);
INSERT INTO "crawler_positions_change" VALUES(282572,'2017-03-24 02:26:23.106000','战胜指数投资','ZH002191','银华日利: 6.96% ⬆ 7.0%',1);
INSERT INTO "crawler_positions_change" VALUES(282573,'2017-03-24 02:26:23.106000','战胜指数投资','ZH002191','华夏幸福: 30.34% ⬆ 31.0%',1);
INSERT INTO "crawler_positions_change" VALUES(282574,'2017-03-24 02:05:03.420000','战胜指数投资','ZH002191','福耀玻璃: 10.23% ⇩ 10.0%',1);
INSERT INTO "crawler_positions_change" VALUES(282575,'2017-03-24 02:05:03.420000','战胜指数投资','ZH002191','农业银行: 0.99% ⬆ 1.0%',1);
INSERT INTO "crawler_positions_change" VALUES(282576,'2017-03-24 02:05:03.420000','战胜指数投资','ZH002191','建设银行: 2.97% ⬆ 3.0%',1);
INSERT INTO "crawler_positions_change" VALUES(282577,'2017-03-24 02:05:03.420000','战胜指数投资','ZH002191','中国建筑: 7.93% ⬆ 8.0%',1);
INSERT INTO "crawler_positions_change" VALUES(282578,'2017-03-24 01:30:08.019000','战胜指数投资','ZH002191','福耀玻璃: 9.99% ⬆ 10.0%',1);
INSERT INTO "crawler_positions_change" VALUES(282579,'2017-03-24 01:30:08.019000','战胜指数投资','ZH002191','长安汽车: 3.97% ⬆ 4.0%',1);
INSERT INTO "crawler_positions_change" VALUES(282580,'2017-03-24 01:30:08.019000','战胜指数投资','ZH002191','银华日利: 6.97% ⬆ 7.0%',1);
INSERT INTO "crawler_positions_change" VALUES(282581,'2017-03-24 01:30:08.019000','战胜指数投资','ZH002191','中国建筑: 7.92% ⬆ 8.0%',1);
INSERT INTO "crawler_positions_change" VALUES(282582,'2017-03-24 01:30:08.019000','战胜指数投资','ZH002191','华夏幸福: 30.86% ⬆ 31.0%',1);
INSERT INTO "crawler_positions_change" VALUES(282583,'2017-03-22 05:00:38.610000','战胜指数投资','ZH002191','宇通客车: 3.98% ⇩ 3.0%',1);
INSERT INTO "crawler_positions_change" VALUES(282584,'2017-03-22 05:00:38.610000','战胜指数投资','ZH002191','农业银行: 2.0% ⇩ 1.0%',1);
INSERT INTO "crawler_positions_change" VALUES(282585,'2017-03-22 05:00:38.610000','战胜指数投资','ZH002191','格力电器: 20.05% ⇩ 19.0%',1);
INSERT INTO "crawler_positions_change" VALUES(282586,'2017-03-22 05:00:38.610000','战胜指数投资','ZH002191','索菲亚: 2.02% ⇩ 1.0%',1);
INSERT INTO "crawler_positions_change" VALUES(282587,'2017-03-22 05:00:38.610000','战胜指数投资','ZH002191','福耀玻璃: 10.95% ⇩ 10.0%',1);
INSERT INTO "crawler_positions_change" VALUES(282588,'2017-03-22 05:00:38.610000','战胜指数投资','ZH002191','中国建筑: 7.96% ⬆ 8.0%',1);
INSERT INTO "crawler_positions_change" VALUES(282589,'2017-03-22 05:00:38.610000','战胜指数投资','ZH002191','建设银行: 1.99% ⬆ 3.0%',1);
INSERT INTO "crawler_positions_change" VALUES(282590,'2017-03-22 05:00:38.610000','战胜指数投资','ZH002191','银华日利: 3.01% ⬆ 7.0%',1);
INSERT INTO "crawler_positions_change" VALUES(282591,'2017-03-22 02:15:16.598000','战胜指数投资','ZH002191','格力电器: 20.02% ⇩ 20.0%',1);
INSERT INTO "crawler_positions_change" VALUES(282592,'2017-03-22 02:15:16.598000','战胜指数投资','ZH002191','福耀玻璃: 11.15% ⇩ 11.0%',1);
INSERT INTO "crawler_positions_change" VALUES(282593,'2017-03-22 02:15:16.598000','战胜指数投资','ZH002191','银华日利: 2.96% ⬆ 3.0%',1);
INSERT INTO "crawler_positions_change" VALUES(282594,'2017-03-22 02:15:16.598000','战胜指数投资','ZH002191','农业银行: 1.94% ⬆ 2.0%',1);
INSERT INTO "crawler_positions_change" VALUES(282595,'2017-03-22 02:15:16.598000','战胜指数投资','ZH002191','建设银行: 1.94% ⬆ 2.0%',1);
INSERT INTO "crawler_positions_change" VALUES(282596,'2017-03-21 06:25:54.158000','战胜指数投资','ZH002191','格力电器: 22.44% ⇩ 20.0%',1);
INSERT INTO "crawler_positions_change" VALUES(282597,'2017-03-21 06:25:54.158000','战胜指数投资','ZH002191','上汽集团: 0.88% ⇩ 0.0%',1);
INSERT INTO "crawler_positions_change" VALUES(282598,'2017-03-21 06:25:54.158000','战胜指数投资','ZH002191','长安汽车: 5.34% ⇩ 4.0%',1);
INSERT INTO "crawler_positions_change" VALUES(282599,'2017-03-21 06:25:54.158000','战胜指数投资','ZH002191','宇通客车: 3.77% ⬆ 4.0%',1);
INSERT INTO "crawler_positions_change" VALUES(282600,'2017-03-21 06:25:54.158000','战胜指数投资','ZH002191','中国建筑: 3.97% ⬆ 8.0%',1);
INSERT INTO "crawler_positions_change" VALUES(282601,'2017-03-21 02:25:42.508000','战胜指数投资','ZH002191','华懋科技: 1.04% ⇩ 1.0%',1);
INSERT INTO "crawler_positions_change" VALUES(282602,'2017-03-21 02:25:42.508000','战胜指数投资','ZH002191','福耀玻璃: 11.28% ⇩ 11.0%',1);
INSERT INTO "crawler_positions_change" VALUES(282603,'2017-03-21 02:25:42.508000','战胜指数投资','ZH002191','中国建筑: 3.08% ⬆ 4.0%',1);
INSERT INTO "crawler_positions_change" VALUES(282604,'2017-03-15 06:09:36.664000','战胜指数投资','ZH002191','银华日利: 4.96% ⇩ 3.0%',1);
INSERT INTO "crawler_positions_change" VALUES(282605,'2017-03-15 06:09:36.664000','战胜指数投资','ZH002191','格力电器: 22.05% ⇩ 22.0%',1);
INSERT INTO "crawler_positions_change" VALUES(282606,'2017-03-15 06:09:36.664000','战胜指数投资','ZH002191','索菲亚: 2.07% ⇩ 2.0%',1);
INSERT INTO "crawler_positions_change" VALUES(282607,'2017-03-15 06:09:36.664000','战胜指数投资','ZH002191','福耀玻璃: 11.64% ⇩ 11.0%',1);
INSERT INTO "crawler_positions_change" VALUES(282608,'2017-03-15 06:09:36.664000','战胜指数投资','ZH002191','小天鹅A: 6.06% ⬆ 8.0%',1);
INSERT INTO "crawler_positions_change" VALUES(282609,'2017-03-13 06:21:45.646000','战胜指数投资','ZH002191','银华日利: 5.86% ⇩ 5.0%',1);
INSERT INTO "crawler_positions_change" VALUES(282610,'2017-03-13 06:21:45.646000','战胜指数投资','ZH002191','农业银行: 1.97% ⬆ 2.0%',1);
INSERT INTO "crawler_positions_change" VALUES(282611,'2017-03-13 06:21:45.646000','战胜指数投资','ZH002191','建设银行: 1.96% ⬆ 2.0%',1);
INSERT INTO "crawler_positions_change" VALUES(282612,'2017-03-13 06:21:45.646000','战胜指数投资','ZH002191','中国建筑: 2.94% ⬆ 3.0%',1);
INSERT INTO "crawler_positions_change" VALUES(282613,'2017-03-13 06:21:45.646000','战胜指数投资','ZH002191','小天鹅A: 5.13% ⬆ 6.0%',1);
INSERT INTO "crawler_positions_change" VALUES(282614,'2017-03-09 03:19:58.712000','战胜指数投资','ZH002191','比亚迪: 1.02% ⇩ 1.0%',1);
INSERT INTO "crawler_positions_change" VALUES(282615,'2017-03-09 03:19:58.712000','战胜指数投资','ZH002191','华懋科技: 1.03% ⇩ 1.0%',1);
INSERT INTO "crawler_positions_change" VALUES(282616,'2017-03-09 03:19:58.712000','战胜指数投资','ZH002191','伟星新材: 2.01% ⇩ 1.0%',1);
INSERT INTO "crawler_positions_change" VALUES(282617,'2017-03-09 03:19:58.712000','战胜指数投资','ZH002191','建设银行: 1.99% ⬆ 2.0%',1);
INSERT INTO "crawler_positions_change" VALUES(282618,'2017-03-09 03:19:58.712000','战胜指数投资','ZH002191','农业银行: 1.99% ⬆ 2.0%',1);
INSERT INTO "crawler_positions_change" VALUES(282619,'2017-03-09 03:19:58.712000','战胜指数投资','ZH002191','银华日利: 5.98% ⬆ 6.0%',1);
INSERT INTO "crawler_positions_change" VALUES(282620,'2017-03-09 03:19:58.712000','战胜指数投资','ZH002191','小天鹅A: 3.88% ⬆ 5.0%',1);
INSERT INTO "crawler_positions_change" VALUES(282621,'2017-03-10 06:19:04.749000','烂到不行','ZH026934','上海机场: 9.84% ⇩ 5.0%',1);
INSERT INTO "crawler_positions_change" VALUES(282622,'2017-03-10 06:19:04.749000','烂到不行','ZH026934','海康威视: 12.77% ⬆ 17.62%',1);
INSERT INTO "crawler_positions_change" VALUES(282623,'2017-03-09 02:11:29.478000','烂到不行','ZH026934','海康威视: 0.99% ⬆ 12.56%',1);
INSERT INTO "crawler_positions_change" VALUES(282624,'2017-03-09 01:46:49.158000','烂到不行','ZH026934','上海机场: 19.31% ⇩ 10.0%',1);
INSERT INTO "crawler_positions_change" VALUES(282625,'2017-03-08 02:38:09.271000','烂到不行','ZH026934','海康威视: 0% ⬆ 1.0%',1);
INSERT INTO "crawler_positions_change" VALUES(282626,'2017-03-23 01:30:01.484000','A股品牌领先企业','ZH006809','锡业股份: 5.12% ⬆ 10.0%',1);
INSERT INTO "crawler_positions_change" VALUES(282627,'2017-03-23 01:30:01.484000','A股品牌领先企业','ZH006809','恒顺醋业: 0% ⬆ 10.0%',1);
INSERT INTO "crawler_positions_change" VALUES(282628,'2017-03-22 07:02:58.720000','A股品牌领先企业','ZH006809','锡业股份: 5.11% ⬆ 10.0%',1);
INSERT INTO "crawler_positions_change" VALUES(282629,'2017-03-13 05:46:09.588000','A股品牌领先企业','ZH006809','申通快递: 0% ⬆ 10.0%',1);
INSERT INTO "crawler_positions_change" VALUES(282630,'2017-03-13 05:46:09.588000','A股品牌领先企业','ZH006809','韵达股份: 0% ⬆ 10.0%',1);
INSERT INTO "crawler_positions_change" VALUES(282631,'2017-03-13 05:46:09.588000','A股品牌领先企业','ZH006809','圆通速递: 0% ⬆ 10.0%',1);
INSERT INTO "crawler_positions_change" VALUES(282632,'2017-03-22 06:41:02.033000','药不能停','ZH070770','华润双鹤: 24.39% ⇩ 15.0%',1);
INSERT INTO "crawler_positions_change" VALUES(282633,'2017-03-22 06:09:04.816000','药不能停','ZH070770','华东医药: 71.83% ⇩ 60.0%',1);
INSERT INTO "crawler_positions_change" VALUES(282634,'2017-03-13 01:30:59.681000','药不能停','ZH070770','华润双鹤: 20.24% ⬆ 25.0%',1);
INSERT INTO "crawler_positions_change" VALUES(282635,'2017-03-08 02:00:02.329000','药不能停','ZH070770','华海药业: 0% ⬆ 1.0%',1);
INSERT INTO "crawler_positions_change" VALUES(282636,'2017-03-08 02:00:02.329000','药不能停','ZH070770','海正药业: 0% ⬆ 1.0%',1);
INSERT INTO "crawler_positions_change" VALUES(282637,'2017-03-08 02:00:02.329000','药不能停','ZH070770','科伦药业: 0% ⬆ 1.0%',1);
INSERT INTO "crawler_positions_change" VALUES(282638,'2017-03-20 01:30:39.011000','绝对小市值','ZH001189','*ST宏盛: 9.9% ⬆ 10.0%',1);
INSERT INTO "crawler_positions_change" VALUES(282639,'2017-03-20 01:30:39.011000','绝对小市值','ZH001189','*ST商城: 10.5% ⇩ 10.0%',1);
INSERT INTO "crawler_positions_change" VALUES(282640,'2017-03-20 01:30:39.011000','绝对小市值','ZH001189','登云股份: 9.78% ⇩ 0.0%',1);
INSERT INTO "crawler_positions_change" VALUES(282641,'2017-03-20 01:30:39.011000','绝对小市值','ZH001189','*ST南化: 10.52% ⇩ 0.0%',1);
INSERT INTO "crawler_positions_change" VALUES(282642,'2017-03-20 01:30:39.011000','绝对小市值','ZH001189','同大股份: 9.82% ⬆ 10.0%',1);
INSERT INTO "crawler_positions_change" VALUES(282643,'2017-03-20 01:30:39.011000','绝对小市值','ZH001189','天龙光电: 9.49% ⬆ 9.73%',1);
INSERT INTO "crawler_positions_change" VALUES(282644,'2017-03-20 01:30:39.011000','绝对小市值','ZH001189','柳化股份: 9.69% ⬆ 10.0%',1);
INSERT INTO "crawler_positions_change" VALUES(282645,'2017-03-20 01:30:39.011000','绝对小市值','ZH001189','宁波富邦: 0% ⬆ 10.0%',1);
INSERT INTO "crawler_positions_change" VALUES(282646,'2017-03-20 01:30:39.011000','绝对小市值','ZH001189','ST亚太: 0% ⬆ 10.0%',1);
INSERT INTO "crawler_positions_change" VALUES(282647,'2017-03-16 03:03:44.434000','A股版全球投资','ZH350409','红利基金: 16.86% ⬆ 16.87%',1);
INSERT INTO "crawler_positions_change" VALUES(282648,'2017-03-16 03:03:44.434000','A股版全球投资','ZH350409','300ETF: 16.86% ⇩ 0.0%',1);
INSERT INTO "crawler_positions_change" VALUES(282649,'2017-03-16 03:03:44.434000','A股版全球投资','ZH350409','红利基金: 0% ⬆ 16.86%',1);
INSERT INTO "crawler_positions_change" VALUES(282650,'2017-03-16 03:02:52.695000','A股版全球投资','ZH350409','中国互联: 9.59% ⇩ 0.0%',1);
INSERT INTO "crawler_positions_change" VALUES(282651,'2017-03-16 03:02:52.695000','A股版全球投资','ZH350409','中概互联: 0% ⬆ 10.86%',1);
INSERT INTO "crawler_positions_change" VALUES(282652,'2017-03-20 03:02:06.765000','小兵A股','ZH090777','中国平安: 18.82% ⇩ 10.0%',1);
INSERT INTO "crawler_positions_change" VALUES(282653,'2017-03-20 03:02:06.765000','小兵A股','ZH090777','新城控股: 36.04% ⬆ 45.0%',1);
INSERT INTO "crawler_positions_change" VALUES(282654,'2017-03-20 02:26:04.463000','小兵A股','ZH090777','华侨城A: 10.02% ⇩ 5.0%',1);
INSERT INTO "crawler_positions_change" VALUES(282655,'2017-03-20 02:26:04.463000','小兵A股','ZH090777','新城控股: 30.97% ⬆ 36.0%',1);
INSERT INTO "crawler_positions_change" VALUES(282656,'2017-03-20 02:24:11.883000','小兵A股','ZH090777','四川路桥: 10.21% ⇩ 5.0%',1);
INSERT INTO "crawler_positions_change" VALUES(282657,'2017-03-20 02:24:11.883000','小兵A股','ZH090777','中国重汽: 10.02% ⇩ 5.0%',1);
INSERT INTO "crawler_positions_change" VALUES(282658,'2017-03-20 02:24:11.883000','小兵A股','ZH090777','兴业银行: 10.14% ⇩ 5.0%',1);
INSERT INTO "crawler_positions_change" VALUES(282659,'2017-03-20 02:24:11.883000','小兵A股','ZH090777','新城控股: 15.84% ⬆ 31.0%',1);
INSERT INTO "crawler_positions_change" VALUES(282660,'2017-03-13 01:57:55.613000','小兵A股','ZH090777','中国重汽: 50.08% ⇩ 10.0%',1);
INSERT INTO "crawler_positions_change" VALUES(282661,'2017-03-13 01:57:55.613000','小兵A股','ZH090777','新城控股: 10.85% ⬆ 16.0%',1);
INSERT INTO "crawler_positions_change" VALUES(282662,'2017-03-13 01:57:55.613000','小兵A股','ZH090777','格力电器: 0% ⬆ 10.0%',1);
INSERT INTO "crawler_positions_change" VALUES(282663,'2017-03-13 01:57:55.613000','小兵A股','ZH090777','华侨城A: 0% ⬆ 10.0%',1);
INSERT INTO "crawler_positions_change" VALUES(282664,'2017-03-13 01:57:55.613000','小兵A股','ZH090777','华夏幸福: 0% ⬆ 15.0%',1);
INSERT INTO "crawler_positions_change" VALUES(282665,'2017-03-17 01:31:02.646000','高成长股分散','ZH814760','海康威视: 5.68% ⇩ 0.0%',1);
INSERT INTO "crawler_positions_change" VALUES(282666,'2017-03-17 01:31:02.646000','高成长股分散','ZH814760','奥瑞金: 0.86% ⇩ 0.0%',1);
INSERT INTO "crawler_positions_change" VALUES(282667,'2017-03-17 01:31:02.646000','高成长股分散','ZH814760','网宿科技: 7.52% ⇩ 0.0%',1);
INSERT INTO "crawler_positions_change" VALUES(282668,'2017-03-17 01:31:02.646000','高成长股分散','ZH814760','安信信托: 20.78% ⇩ 0.0%',1);
INSERT INTO "crawler_positions_change" VALUES(282669,'2017-03-17 01:31:02.646000','高成长股分散','ZH814760','三聚环保: 8.2% ⇩ 0.0%',1);
INSERT INTO "crawler_positions_change" VALUES(282670,'2017-03-17 01:31:02.646000','高成长股分散','ZH814760','东方雨虹: 11.17% ⇩ 0.0%',1);
INSERT INTO "crawler_positions_change" VALUES(282671,'2017-03-17 01:31:02.646000','高成长股分散','ZH814760','康得新: 7.12% ⬆ 10.0%',1);
INSERT INTO "crawler_positions_change" VALUES(282672,'2017-03-17 01:31:02.646000','高成长股分散','ZH814760','尔康制药: 4.89% ⬆ 10.0%',1);
INSERT INTO "crawler_positions_change" VALUES(282673,'2017-03-17 01:31:02.646000','高成长股分散','ZH814760','华夏幸福: 22.17% ⬆ 30.0%',1);
INSERT INTO "crawler_positions_change" VALUES(282674,'2017-03-17 01:31:02.646000','高成长股分散','ZH814760','亨通光电: 11.08% ⬆ 30.0%',1);
INSERT INTO "crawler_positions_change" VALUES(282675,'2017-03-17 01:31:02.646000','高成长股分散','ZH814760','新城控股: 0% ⬆ 20.0%',1);
INSERT INTO "crawler_positions_change" VALUES(282676,'2017-03-16 15:57:09.182000','高成长股分散','ZH814760','华夏幸福: 22.09% ⬆ 25.0%',1);
INSERT INTO "crawler_positions_change" VALUES(282677,'2017-03-16 15:57:09.182000','高成长股分散','ZH814760','东方雨虹: 11.18% ⇩ 0.0%',1);
INSERT INTO "crawler_positions_change" VALUES(282678,'2017-03-16 15:57:09.182000','高成长股分散','ZH814760','新城控股: 0% ⬆ 17.0%',1);
INSERT INTO "crawler_positions_change" VALUES(282679,'2017-03-16 15:57:09.182000','高成长股分散','ZH814760','亨通光电: 11.08% ⬆ 25.0%',1);
INSERT INTO "crawler_positions_change" VALUES(282680,'2017-03-16 15:57:09.182000','高成长股分散','ZH814760','三聚环保: 8.21% ⬆ 15.0%',1);
INSERT INTO "crawler_positions_change" VALUES(282681,'2017-03-16 15:57:09.182000','高成长股分散','ZH814760','安信信托: 20.89% ⇩ 0.0%',1);
INSERT INTO "crawler_positions_change" VALUES(282682,'2017-03-16 15:57:09.182000','高成长股分散','ZH814760','网宿科技: 7.49% ⇩ 0.0%',1);
INSERT INTO "crawler_positions_change" VALUES(282683,'2017-03-16 15:57:09.182000','高成长股分散','ZH814760','奥瑞金: 0.85% ⇩ 0.0%',1);
INSERT INTO "crawler_positions_change" VALUES(282684,'2017-03-24 02:14:22.860000','实盘--低估值','ZH169886','众生药业: 9.95% ⇩ 0.0%',1);
INSERT INTO "crawler_positions_change" VALUES(282685,'2017-03-24 02:14:22.860000','实盘--低估值','ZH169886','鄂尔多斯: 0.0% ⬆ 9.95%',1);
INSERT INTO "crawler_positions_change" VALUES(282686,'2017-03-23 02:48:24.031000','实盘--低估值','ZH169886','四川路桥: 9.39% ⬆ 9.41%',1);
INSERT INTO "crawler_positions_change" VALUES(282687,'2017-03-23 02:48:24.031000','实盘--低估值','ZH169886','鄂尔多斯: 9.88% ⇩ 0.0%',1);
INSERT INTO "crawler_positions_change" VALUES(282688,'2017-03-23 02:48:24.031000','实盘--低估值','ZH169886','广宇发展: 9.5% ⇩ 0.0%',1);
INSERT INTO "crawler_positions_change" VALUES(282689,'2017-03-23 02:48:24.031000','实盘--低估值','ZH169886','四川路桥: 0% ⬆ 9.39%',1);
INSERT INTO "crawler_positions_change" VALUES(282690,'2017-03-23 02:48:24.031000','实盘--低估值','ZH169886','众生药业: 0% ⬆ 10.0%',1);
INSERT INTO "crawler_positions_change" VALUES(282691,'2017-03-22 01:30:23.219000','实盘--低估值','ZH169886','广宇发展: 9.56% ⬆ 9.66%',1);
INSERT INTO "crawler_positions_change" VALUES(282692,'2017-03-22 01:30:23.219000','实盘--低估值','ZH169886','天健集团: 9.78% ⇩ 0.0%',1);
INSERT INTO "crawler_positions_change" VALUES(282693,'2017-03-22 01:30:23.219000','实盘--低估值','ZH169886','美克家居: 9.78% ⇩ 0.0%',1);
INSERT INTO "crawler_positions_change" VALUES(282694,'2017-03-22 01:30:23.219000','实盘--低估值','ZH169886','广宇发展: 0.0% ⬆ 9.56%',1);
INSERT INTO "crawler_positions_change" VALUES(282695,'2017-03-22 01:30:23.219000','实盘--低估值','ZH169886','鄂尔多斯: 0% ⬆ 10.0%',1);
INSERT INTO "crawler_positions_change" VALUES(282696,'2017-03-17 02:27:07.020000','实盘--低估值','ZH169886','天健集团: 9.98% ⬆ 9.99%',1);
INSERT INTO "crawler_positions_change" VALUES(282697,'2017-03-17 02:27:07.020000','实盘--低估值','ZH169886','广宇发展: 9.98% ⇩ 0.0%',1);
INSERT INTO "crawler_positions_change" VALUES(282698,'2017-03-17 02:27:07.020000','实盘--低估值','ZH169886','天健集团: 0% ⬆ 9.98%',1);
INSERT INTO "crawler_positions_change" VALUES(282699,'2017-03-15 05:00:34.145000','实盘--低估值','ZH169886','栖霞建设: 9.96% ⇩ 0.0%',1);
INSERT INTO "crawler_positions_change" VALUES(282700,'2017-03-15 05:00:34.145000','实盘--低估值','ZH169886','美克家居: 0% ⬆ 9.98%',1);
INSERT INTO "crawler_positions_change" VALUES(282701,'2017-03-14 05:00:14.320000','实盘--低估值','ZH169886','天健集团: 9.77% ⇩ 0.0%',1);
INSERT INTO "crawler_positions_change" VALUES(282702,'2017-03-14 05:00:14.320000','实盘--低估值','ZH169886','广宇发展: 0% ⬆ 9.76%',1);
INSERT INTO "crawler_positions_change" VALUES(282703,'2017-03-13 02:47:30.469000','实盘--低估值','ZH169886','鄂尔多斯: 6.63% ⇩ 0.0%',1);
INSERT INTO "crawler_positions_change" VALUES(282704,'2017-03-13 02:47:30.469000','实盘--低估值','ZH169886','天健集团: 13.16% ⇩ 9.8%',1);
INSERT INTO "crawler_positions_change" VALUES(282705,'2017-03-13 02:47:30.469000','实盘--低估值','ZH169886','栖霞建设: 0% ⬆ 10.0%',1);
INSERT INTO "crawler_positions_change" VALUES(282706,'2017-03-10 05:00:24.903000','实盘--低估值','ZH169886','山东高速: 50.13% ⇩ 45.0%',1);
INSERT INTO "crawler_positions_change" VALUES(282707,'2017-03-10 05:00:24.903000','实盘--低估值','ZH169886','*ST神火: 36.54% ⇩ 35.0%',1);
INSERT INTO "crawler_positions_change" VALUES(282708,'2017-03-10 05:00:24.903000','实盘--低估值','ZH169886','鄂尔多斯: 0% ⬆ 6.66%',1);
INSERT INTO "crawler_positions_change" VALUES(282709,'2017-03-09 05:00:50.175000','实盘--低估值','ZH169886','*ST神火: 36.73% ⬆ 36.76%',1);
INSERT INTO "crawler_positions_change" VALUES(282710,'2017-03-09 05:00:50.175000','实盘--低估值','ZH169886','栖霞建设: 11.22% ⇩ 0.0%',1);
INSERT INTO "crawler_positions_change" VALUES(282711,'2017-03-09 05:00:50.175000','实盘--低估值','ZH169886','*ST神火: 34.21% ⬆ 36.73%',1);
INSERT INTO "crawler_positions_change" VALUES(282712,'2017-03-09 05:00:50.175000','实盘--低估值','ZH169886','山东高速: 41.29% ⬆ 50.0%',1);
INSERT INTO "crawler_positions_change" VALUES(282713,'2017-03-08 01:30:53.128000','实盘--低估值','ZH169886','天健集团: 14.49% ⇩ 13.0%',1);
INSERT INTO "crawler_positions_change" VALUES(282714,'2017-03-08 01:30:53.128000','实盘--低估值','ZH169886','*ST神火: 39.29% ⇩ 35.0%',1);
INSERT INTO "crawler_positions_change" VALUES(282715,'2017-03-08 01:30:53.128000','实盘--低估值','ZH169886','山东高速: 46.23% ⇩ 41.0%',1);
INSERT INTO "crawler_positions_change" VALUES(282716,'2017-03-08 01:30:53.128000','实盘--低估值','ZH169886','栖霞建设: 0% ⬆ 11.0%',1);
INSERT INTO "crawler_positions_change" VALUES(282717,'2017-03-16 06:34:09.063000','跑赢这个基准难吗','ZH821778','建设银行: 100.0% ⇩ 0.0%',1);
INSERT INTO "crawler_positions_change" VALUES(282718,'2017-03-16 06:34:09.063000','跑赢这个基准难吗','ZH821778','农业银行: 0% ⬆ 100.0%',1);
INSERT INTO "crawler_positions_change" VALUES(282719,'2017-03-17 05:00:32.721000','财务自由之旅','ZH898292','南京银行: 8.73% ⇩ 0.0%',1);
INSERT INTO "crawler_positions_change" VALUES(282720,'2017-03-17 05:00:32.721000','财务自由之旅','ZH898292','建设银行: 29.4% ⇩ 20.0%',1);
INSERT INTO "crawler_positions_change" VALUES(282721,'2017-03-17 05:00:32.721000','财务自由之旅','ZH898292','招商银行: 29.49% ⬆ 30.0%',1);
INSERT INTO "crawler_positions_change" VALUES(282722,'2017-03-17 05:00:32.721000','财务自由之旅','ZH898292','国投电力: 31.45% ⬆ 50.0%',1);
INSERT INTO "crawler_positions_change" VALUES(282723,'2017-03-24 05:43:34.169000','银行b搬砖组','ZH594024','银行股B: 30.07% ⇩ 20.0%',1);
INSERT INTO "crawler_positions_change" VALUES(282724,'2017-03-24 05:43:34.169000','银行b搬砖组','ZH594024','银行B: 69.93% ⬆ 80.0%',1);
INSERT INTO "crawler_positions_change" VALUES(282725,'2017-03-24 05:00:44.656000','银行b搬砖组','ZH594024','银行股B: 50.05% ⇩ 30.0%',1);
INSERT INTO "crawler_positions_change" VALUES(282726,'2017-03-24 05:00:44.656000','银行b搬砖组','ZH594024','银行B: 49.95% ⬆ 70.0%',1);
INSERT INTO "crawler_positions_change" VALUES(282727,'2017-03-22 03:12:45.009000','银行b搬砖组','ZH594024','银行B: 75.02% ⇩ 50.0%',1);
INSERT INTO "crawler_positions_change" VALUES(282728,'2017-03-22 03:12:45.009000','银行b搬砖组','ZH594024','银行股B: 24.98% ⬆ 50.0%',1);
INSERT INTO "crawler_positions_change" VALUES(282729,'2017-03-22 02:10:46.201000','银行b搬砖组','ZH594024','银行B: 95.05% ⇩ 75.0%',1);
INSERT INTO "crawler_positions_change" VALUES(282730,'2017-03-22 02:10:46.201000','银行b搬砖组','ZH594024','银行股B: 4.95% ⬆ 25.0%',1);
INSERT INTO "crawler_positions_change" VALUES(282731,'2017-03-21 06:09:02.726000','银行b搬砖组','ZH594024','银行股B: 15.06% ⇩ 5.0%',1);
INSERT INTO "crawler_positions_change" VALUES(282732,'2017-03-21 06:09:02.726000','银行b搬砖组','ZH594024','银行B: 84.94% ⬆ 95.0%',1);
INSERT INTO "crawler_positions_change" VALUES(282733,'2017-03-16 01:50:21.180000','银行b搬砖组','ZH594024','银行股B: 30.1% ⇩ 15.0%',1);
INSERT INTO "crawler_positions_change" VALUES(282734,'2017-03-16 01:50:21.180000','银行b搬砖组','ZH594024','银行B: 69.9% ⬆ 85.0%',1);
INSERT INTO "crawler_positions_change" VALUES(282735,'2017-03-16 01:39:54.514000','银行b搬砖组','ZH594024','银行股B: 50.11% ⇩ 30.0%',1);
INSERT INTO "crawler_positions_change" VALUES(282736,'2017-03-16 01:39:54.514000','银行b搬砖组','ZH594024','银行B: 49.89% ⬆ 70.0%',1);
INSERT INTO "crawler_positions_change" VALUES(282737,'2017-03-16 01:37:03.470000','银行b搬砖组','ZH594024','银行B: 60.23% ⇩ 50.0%',1);
INSERT INTO "crawler_positions_change" VALUES(282738,'2017-03-16 01:37:03.470000','银行b搬砖组','ZH594024','银行股B: 39.77% ⬆ 50.0%',1);
INSERT INTO "crawler_positions_change" VALUES(282739,'2017-03-14 01:56:56.763000','银行b搬砖组','ZH594024','银行股B: 65.21% ⇩ 40.0%',1);
INSERT INTO "crawler_positions_change" VALUES(282740,'2017-03-14 01:56:56.763000','银行b搬砖组','ZH594024','银行B: 34.79% ⬆ 60.0%',1);
INSERT INTO "crawler_positions_change" VALUES(282741,'2017-03-09 06:34:58.502000','银行b搬砖组','ZH594024','银行B: 50.08% ⇩ 35.0%',1);
INSERT INTO "crawler_positions_change" VALUES(282742,'2017-03-09 06:34:58.502000','银行b搬砖组','ZH594024','银行股B: 49.92% ⬆ 65.0%',1);
INSERT INTO "crawler_positions_change" VALUES(282743,'2017-03-09 05:44:15.491000','银行b搬砖组','ZH594024','银行B: 70.15% ⇩ 50.0%',1);
INSERT INTO "crawler_positions_change" VALUES(282744,'2017-03-09 05:44:15.491000','银行b搬砖组','ZH594024','银行股B: 29.85% ⬆ 50.0%',1);
INSERT INTO "crawler_positions_change" VALUES(282745,'2017-03-07 05:51:26.628000','银行b搬砖组','ZH594024','银行股B: 50.16% ⇩ 30.0%',1);
INSERT INTO "crawler_positions_change" VALUES(282746,'2017-03-07 05:51:26.628000','银行b搬砖组','ZH594024','银行B: 49.84% ⬆ 70.0%',1);
INSERT INTO "crawler_positions_change" VALUES(282747,'2017-03-14 05:38:05.319000','智富稳健','ZH026392','奥瑞金: 2.83% ⇩ 0.0%',1);
INSERT INTO "crawler_positions_change" VALUES(282748,'2017-03-14 05:35:44.091000','智富稳健','ZH026392','网宿科技: 4.54% ⇩ 2.0%',1);
INSERT INTO "crawler_positions_change" VALUES(282749,'2017-03-22 05:16:38.510000','理智与感情','ZH574002','安洁科技: 20.33% ⇩ 1.0%',1);
INSERT INTO "crawler_positions_change" VALUES(282750,'2017-03-22 01:37:29.892000','理智与感情','ZH574002','安洁科技: 24.49% ⇩ 20.0%',1);
INSERT INTO "crawler_positions_change" VALUES(282751,'2017-03-22 01:30:24.044000','理智与感情','ZH574002','洲明科技: 11.83% ⇩ 0.0%',1);
INSERT INTO "crawler_positions_change" VALUES(282752,'2017-03-22 01:30:24.044000','理智与感情','ZH574002','华懋科技: 12.03% ⇩ 10.0%',1);
INSERT INTO "crawler_positions_change" VALUES(282753,'2017-03-22 01:30:24.044000','理智与感情','ZH574002','劲胜精密: 19.94% ⬆ 25.0%',1);
INSERT INTO "crawler_positions_change" VALUES(282754,'2017-03-22 01:30:24.044000','理智与感情','ZH574002','民盛金科: 19.46% ⬆ 25.0%',1);
INSERT INTO "crawler_positions_change" VALUES(282755,'2017-03-21 05:59:28.639000','理智与感情','ZH574002','劲胜精密: 0% ⬆ 20.0%',1);
INSERT INTO "crawler_positions_change" VALUES(282756,'2017-03-17 01:30:58.866000','理智与感情','ZH574002','洲明科技: 15.45% ⇩ 12.0%',1);
INSERT INTO "crawler_positions_change" VALUES(282757,'2017-03-17 01:30:58.866000','理智与感情','ZH574002','安洁科技: 30.34% ⇩ 24.0%',1);
INSERT INTO "crawler_positions_change" VALUES(282758,'2017-03-13 01:30:59.877000','理智与感情','ZH574002','华懋科技: 0% ⬆ 12.0%',1);
INSERT INTO "crawler_positions_change" VALUES(282759,'2017-03-10 05:00:25.150000','理智与感情','ZH574002','博雅生物: 4.86% ⇩ 0.0%',1);
INSERT INTO "crawler_positions_change" VALUES(282760,'2017-03-08 01:30:53.810000','理智与感情','ZH574002','国恩股份: 23.0% ⇩ 0.0%',1);
INSERT INTO "crawler_positions_change" VALUES(282761,'2017-03-08 01:30:53.810000','理智与感情','ZH574002','洲明科技: 1.98% ⬆ 15.0%',1);
INSERT INTO "crawler_positions_change" VALUES(282762,'2017-03-20 05:32:48.072000','独自等待','ZH790307','ST明科: 26.66% ⬆ 26.67%',1);
INSERT INTO "crawler_positions_change" VALUES(282763,'2017-03-20 05:32:48.072000','独自等待','ZH790307','阳谷华泰: 9.25% ⇩ 0.0%',1);
INSERT INTO "crawler_positions_change" VALUES(282764,'2017-03-20 05:32:48.072000','独自等待','ZH790307','ST明科: 17.4% ⬆ 26.66%',1);
INSERT INTO "crawler_positions_change" VALUES(282765,'2017-03-27 01:30:31.493000','不用打理','ZH136593','上海家化: 19.84% ⇩ 15.0%',1);
INSERT INTO "crawler_positions_change" VALUES(282766,'2017-03-27 01:30:31.493000','不用打理','ZH136593','金龙汽车: 23.55% ⇩ 5.0%',1);
INSERT INTO "crawler_positions_change" VALUES(282767,'2017-03-27 01:30:31.493000','不用打理','ZH136593','汇川技术: 15.13% ⇩ 5.0%',1);
INSERT INTO "crawler_positions_change" VALUES(282768,'2017-03-27 01:30:31.493000','不用打理','ZH136593','长安汽车: 26.98% ⇩ 20.0%',1);
INSERT INTO "crawler_positions_change" VALUES(282769,'2017-03-27 01:30:31.493000','不用打理','ZH136593','国统股份: 14.5% ⬆ 15.0%',1);
INSERT INTO "crawler_positions_change" VALUES(282770,'2017-03-27 01:30:31.493000','不用打理','ZH136593','中文传媒: 0% ⬆ 40.0%',1);
INSERT INTO "crawler_positions_change" VALUES(282771,'2017-03-22 01:31:43.715000','A-E-B大作战','ZH507849','万家强债: 4.96% ⬆ 5.0%',1);
INSERT INTO "crawler_positions_change" VALUES(282772,'2017-03-20 02:34:13.711000','A-E-B大作战','ZH507849','恒生ETF: 5.08% ⇩ 5.0%',1);
INSERT INTO "crawler_positions_change" VALUES(282773,'2017-03-20 02:34:13.711000','A-E-B大作战','ZH507849','银华日利: 89.96% ⬆ 90.0%',1);
INSERT INTO "crawler_positions_change" VALUES(282774,'2017-03-21 05:04:10.081000','A股票','ZH138903','宁沪高速: 29.63% ⇩ 10.0%',1);
INSERT INTO "crawler_positions_change" VALUES(282775,'2017-03-21 05:04:10.081000','A股票','ZH138903','双汇发展: 36.1% ⇩ 30.0%',1);
INSERT INTO "crawler_positions_change" VALUES(282776,'2017-03-21 05:04:10.081000','A股票','ZH138903','招商银行: 0% ⬆ 5.0%',1);
INSERT INTO "crawler_positions_change" VALUES(282777,'2017-03-21 05:04:10.081000','A股票','ZH138903','工商银行: 0% ⬆ 5.0%',1);
INSERT INTO "crawler_positions_change" VALUES(282778,'2017-03-21 05:04:10.081000','A股票','ZH138903','农业银行: 0% ⬆ 5.0%',1);
INSERT INTO "crawler_positions_change" VALUES(282779,'2017-03-21 05:04:10.081000','A股票','ZH138903','传媒A级: 13.01% ⬆ 24.0%',1);
INSERT INTO "crawler_positions_change" VALUES(282780,'2017-03-21 05:00:56.191000','A股票','ZH138903','宇通客车: 7.59% ⇩ 0.0%',1);
INSERT INTO "crawler_positions_change" VALUES(282781,'2017-03-21 05:00:56.191000','A股票','ZH138903','传媒A级: 5.86% ⬆ 13.0%',1);
INSERT INTO "crawler_positions_change" VALUES(282782,'2017-03-22 03:20:30.388000','为国接盘1','ZH575843','浪潮信息: 0% ⬆ 10.0%',1);
INSERT INTO "crawler_positions_change" VALUES(282783,'2017-03-14 02:10:45.851000','为国接盘1','ZH575843','广汇汽车: 0% ⬆ 10.0%',1);
INSERT INTO "crawler_positions_change" VALUES(282784,'2017-03-13 02:22:15.710000','大户A类','ZH526063','深成指B: 94.1% ⬆ 96.0%',1);
INSERT INTO "crawler_positions_change" VALUES(282785,'2017-03-24 03:00:21.660000','股票端不择时','ZH600792','隆基股份: 7.03% ⬆ 11.0%',1);
INSERT INTO "crawler_positions_change" VALUES(282786,'2017-03-22 06:56:26.399000','股票端不择时','ZH600792','中国平安: 17.69% ⇩ 15.0%',1);
INSERT INTO "crawler_positions_change" VALUES(282787,'2017-03-22 06:56:26.399000','股票端不择时','ZH600792','H股ETF: 14.22% ⬆ 15.0%',1);
INSERT INTO "crawler_positions_change" VALUES(282788,'2017-03-21 03:09:21.326000','股票端不择时','ZH600792','隆基股份: 10.1% ⇩ 7.0%',1);
INSERT INTO "crawler_positions_change" VALUES(282789,'2017-03-21 03:09:21.326000','股票端不择时','ZH600792','潍柴动力: 6.01% ⬆ 7.0%',1);
INSERT INTO "crawler_positions_change" VALUES(282790,'2017-03-21 02:06:46.020000','股票端不择时','ZH600792','国轩高科: 3.81% ⇩ 0.0%',1);
INSERT INTO "crawler_positions_change" VALUES(282791,'2017-03-21 02:06:46.020000','股票端不择时','ZH600792','清新环境: 6.98% ⬆ 7.0%',1);
INSERT INTO "crawler_positions_change" VALUES(282792,'2017-03-21 02:06:46.020000','股票端不择时','ZH600792','潍柴动力: 4.99% ⬆ 6.0%',1);
INSERT INTO "crawler_positions_change" VALUES(282793,'2017-03-20 01:49:32.916000','股票端不择时','ZH600792','隆基股份: 11.62% ⇩ 10.0%',1);
INSERT INTO "crawler_positions_change" VALUES(282794,'2017-03-20 01:47:59.576000','股票端不择时','ZH600792','潍柴动力: 0% ⬆ 5.0%',1);
INSERT INTO "crawler_positions_change" VALUES(282795,'2017-03-16 02:48:11.386000','股票端不择时','ZH600792','国泰君安: 9.0% ⇩ 7.0%',1);
INSERT INTO "crawler_positions_change" VALUES(282796,'2017-03-16 02:41:17.513000','股票端不择时','ZH600792','国泰君安: 15.04% ⇩ 9.0%',1);
INSERT INTO "crawler_positions_change" VALUES(282797,'2017-03-13 02:28:38.286000','股票端不择时','ZH600792','恒生B: 4.01% ⇩ 0.0%',1);
INSERT INTO "crawler_positions_change" VALUES(282798,'2017-03-13 02:28:38.286000','股票端不择时','ZH600792','中通客车: 3.95% ⇩ 0.0%',1);
INSERT INTO "crawler_positions_change" VALUES(282799,'2017-03-13 02:28:38.286000','股票端不择时','ZH600792','国泰君安: 14.89% ⬆ 15.0%',1);
INSERT INTO "crawler_positions_change" VALUES(282800,'2017-03-13 02:28:38.286000','股票端不择时','ZH600792','隆基股份: 8.88% ⬆ 11.0%',1);
INSERT INTO "crawler_positions_change" VALUES(282801,'2017-03-13 01:52:06.148000','股票端不择时','ZH600792','清新环境: 4.91% ⬆ 7.0%',1);
INSERT INTO "crawler_positions_change" VALUES(282802,'2017-03-13 01:41:27.842000','股票端不择时','ZH600792','隆基股份: 0% ⬆ 9.0%',1);
INSERT INTO "crawler_positions_change" VALUES(282803,'2017-03-13 01:34:26.093000','股票端不择时','ZH600792','白云机场: 5.28% ⇩ 0.0%',1);
INSERT INTO "crawler_positions_change" VALUES(282804,'2017-03-10 06:02:52.080000','股票端不择时','ZH600792','恒生B: 5.87% ⇩ 4.0%',1);
INSERT INTO "crawler_positions_change" VALUES(282805,'2017-03-10 06:02:52.080000','股票端不择时','ZH600792','H股ETF: 12.97% ⬆ 14.0%',1);
INSERT INTO "crawler_positions_change" VALUES(282806,'2017-03-10 05:24:15.196000','股票端不择时','ZH600792','H股ETF: 9.93% ⬆ 13.0%',1);
INSERT INTO "crawler_positions_change" VALUES(282807,'2017-03-10 02:24:17.227000','股票端不择时','ZH600792','清新环境: 6.9% ⇩ 5.0%',1);
INSERT INTO "crawler_positions_change" VALUES(282808,'2017-03-09 05:33:19.968000','股票端不择时','ZH600792','H股ETF: 6.92% ⬆ 10.0%',1);
INSERT INTO "crawler_positions_change" VALUES(282809,'2017-03-09 05:04:30.202000','股票端不择时','ZH600792','康欣新材: 4.0% ⇩ 0.0%',1);
INSERT INTO "crawler_positions_change" VALUES(282810,'2017-03-08 06:52:04.891000','股票端不择时','ZH600792','康欣新材: 5.45% ⇩ 4.0%',1);
INSERT INTO "crawler_positions_change" VALUES(282811,'2017-03-08 06:52:04.891000','股票端不择时','ZH600792','国轩高科: 4.22% ⇩ 4.0%',1);
INSERT INTO "crawler_positions_change" VALUES(282812,'2017-03-08 06:52:04.891000','股票端不择时','ZH600792','白云机场: 4.92% ⬆ 5.0%',1);
INSERT INTO "crawler_positions_change" VALUES(282813,'2017-03-08 06:52:04.891000','股票端不择时','ZH600792','国泰君安: 13.94% ⬆ 15.0%',1);
INSERT INTO "crawler_positions_change" VALUES(282814,'2017-03-08 05:00:43.643000','低估值掘金','ZH701073','中国平安: 0% ⬆ 4.0%',1);
INSERT INTO "crawler_positions_change" VALUES(282815,'2017-03-20 01:31:43.402000','中国好资产','ZH1043361','中概互联: 30.25% ⇩ 0.0%',13);
INSERT INTO "crawler_positions_change" VALUES(282816,'2017-03-20 01:31:43.402000','中国好资产','ZH1043361','中国互联: 0% ⬆ 30.0%',13);
INSERT INTO "crawler_positions_change" VALUES(282817,'2017-03-16 01:31:15.296000','中国好资产','ZH1043361','香港中小: 0% ⬆ 30.0%',13);
INSERT INTO "crawler_positions_change" VALUES(282818,'2017-03-16 01:31:15.296000','中国好资产','ZH1043361','中概互联: 0% ⬆ 30.0%',13);
INSERT INTO "crawler_positions_change" VALUES(282819,'2017-03-16 01:31:15.296000','中国好资产','ZH1043361','红利基金: 0% ⬆ 40.0%',13);
INSERT INTO "crawler_positions_change" VALUES(282820,'2017-03-23 03:33:33.609000','别人的砒霜','ZH004099','新天绿色能源: 6.98% ⇩ 6.0%',13);
INSERT INTO "crawler_positions_change" VALUES(282821,'2017-03-23 03:33:33.609000','别人的砒霜','ZH004099','珠江钢管: 7.1% ⇩ 6.0%',13);
INSERT INTO "crawler_positions_change" VALUES(282822,'2017-03-23 03:33:33.609000','别人的砒霜','ZH004099','福莱特玻璃: 8.15% ⇩ 7.0%',13);
INSERT INTO "crawler_positions_change" VALUES(282823,'2017-03-23 03:33:33.609000','别人的砒霜','ZH004099','朗生医药: 8.06% ⇩ 7.0%',13);
INSERT INTO "crawler_positions_change" VALUES(282824,'2017-03-23 03:33:33.609000','别人的砒霜','ZH004099','利福中国: 6.96% ⇩ 5.0%',13);
INSERT INTO "crawler_positions_change" VALUES(282825,'2017-03-23 03:33:33.609000','别人的砒霜','ZH004099','绿城中国: 0.0% ⬆ 6.0%',13);
INSERT INTO "crawler_positions_change" VALUES(282826,'2017-03-23 03:21:27.791000','别人的砒霜','ZH004099','绿城中国: 7.03% ⇩ 0.0%',13);
INSERT INTO "crawler_positions_change" VALUES(282827,'2017-03-23 03:21:27.791000','别人的砒霜','ZH004099','香港建设(控股): 7.18% ⇩ 0.0%',13);
INSERT INTO "crawler_positions_change" VALUES(282828,'2017-03-23 03:21:27.791000','别人的砒霜','ZH004099','台泥国际集团: 4.74% ⇩ 0.0%',13);
INSERT INTO "crawler_positions_change" VALUES(282829,'2017-03-23 03:21:27.791000','别人的砒霜','ZH004099','长寿花食品: 4.05% ⬆ 5.0%',13);
INSERT INTO "crawler_positions_change" VALUES(282830,'2017-03-23 03:21:27.791000','别人的砒霜','ZH004099','新天绿色能源: 5.86% ⬆ 7.0%',13);
INSERT INTO "crawler_positions_change" VALUES(282831,'2017-03-23 03:21:27.791000','别人的砒霜','ZH004099','朗生医药: 6.08% ⬆ 8.0%',13);
INSERT INTO "crawler_positions_change" VALUES(282832,'2017-03-23 03:21:27.791000','别人的砒霜','ZH004099','珠江钢管: 0% ⬆ 7.0%',13);
INSERT INTO "crawler_positions_change" VALUES(282833,'2017-03-23 03:21:27.791000','别人的砒霜','ZH004099','福莱特玻璃: 0% ⬆ 8.0%',13);
INSERT INTO "crawler_positions_change" VALUES(282834,'2017-03-10 01:52:06.418000','别人的砒霜','ZH004099','中石化冠德: 6.45% ⇩ 5.0%',13);
INSERT INTO "crawler_positions_change" VALUES(282835,'2017-03-10 01:52:06.418000','别人的砒霜','ZH004099','中国南方航空股份: 7.43% ⇩ 5.0%',13);
INSERT INTO "crawler_positions_change" VALUES(282836,'2017-03-10 01:52:06.418000','别人的砒霜','ZH004099','永达汽车: 1.89% ⇩ 0.0%',13);
INSERT INTO "crawler_positions_change" VALUES(282837,'2017-03-10 01:52:06.418000','别人的砒霜','ZH004099','台泥国际集团: 6.72% ⇩ 5.0%',13);
INSERT INTO "crawler_positions_change" VALUES(282838,'2017-03-10 01:52:06.418000','别人的砒霜','ZH004099','中广核电力: 3.66% ⬆ 4.0%',13);
INSERT INTO "crawler_positions_change" VALUES(282839,'2017-03-10 01:52:06.418000','别人的砒霜','ZH004099','华能国际电力股份: 3.82% ⬆ 5.0%',13);
INSERT INTO "crawler_positions_change" VALUES(282840,'2017-03-10 01:52:06.418000','别人的砒霜','ZH004099','朗生医药: 0% ⬆ 6.0%',13);
INSERT INTO "crawler_positions_change" VALUES(282841,'2017-03-08 05:00:16.327000','别人的砒霜','ZH004099','新晨动力: 6.16% ⇩ 0.0%',13);
INSERT INTO "crawler_positions_change" VALUES(282842,'2017-03-08 05:00:16.327000','别人的砒霜','ZH004099','香港建设(控股): 0.92% ⬆ 7.0%',13);
INSERT INTO "crawler_positions_change" VALUES(282843,'2017-03-27 01:33:53.606000','长工-实盘','ZH117425','长盈精密: 0% ⬆ 5.0%',6);
INSERT INTO "crawler_positions_change" VALUES(282844,'2017-03-22 06:40:16.541000','长工-实盘','ZH117425','东方园林: 0% ⬆ 5.0%',6);
INSERT INTO "crawler_positions_change" VALUES(282845,'2017-03-14 01:33:28.281000','长工-实盘','ZH117425','宋城演艺: 8.76% ⇩ 0.0%',6);
INSERT INTO "crawler_positions_change" VALUES(282846,'2017-03-13 06:02:35.894000','长工-实盘','ZH117425','大亚圣象: 10.28% ⇩ 0.0%',6);
INSERT INTO "crawler_positions_change" VALUES(282847,'2017-03-13 06:02:35.894000','长工-实盘','ZH117425','亨通光电: 0% ⬆ 10.0%',6);
INSERT INTO "crawler_positions_change" VALUES(282848,'2017-03-13 01:42:11.326000','长工-实盘','ZH117425','宁沪高速: 19.55% ⇩ 0.0%',6);
INSERT INTO "crawler_positions_change" VALUES(282849,'2017-03-24 02:14:05.038000','白马组合','ZH1026879','顺鑫农业: 35.17% ⇩ 0.0%',6);
INSERT INTO "crawler_positions_change" VALUES(282850,'2017-03-24 02:14:05.038000','白马组合','ZH1026879','东阿阿胶: 10.08% ⇩ 0.0%',6);
INSERT INTO "crawler_positions_change" VALUES(282851,'2017-03-24 02:14:05.038000','白马组合','ZH1026879','昆药集团: 14.81% ⬆ 15.0%',6);
INSERT INTO "crawler_positions_change" VALUES(282852,'2017-03-24 02:14:05.038000','白马组合','ZH1026879','承德露露: 10.03% ⬆ 55.0%',6);
INSERT INTO "crawler_positions_change" VALUES(282853,'2017-03-22 02:40:17.786000','白马组合','ZH1026879','华东医药: 5.01% ⇩ 0.0%',6);
INSERT INTO "crawler_positions_change" VALUES(282854,'2017-03-22 02:40:17.786000','白马组合','ZH1026879','顺鑫农业: 34.97% ⬆ 35.0%',6);
INSERT INTO "crawler_positions_change" VALUES(282855,'2017-03-22 02:40:17.786000','白马组合','ZH1026879','双汇发展: 9.94% ⬆ 10.0%',6);
INSERT INTO "crawler_positions_change" VALUES(282856,'2017-03-22 02:40:17.786000','白马组合','ZH1026879','昆药集团: 10.04% ⬆ 15.0%',6);
INSERT INTO "crawler_positions_change" VALUES(282857,'2017-03-22 02:38:31.764000','白马组合','ZH1026879','新华医疗: 10.32% ⇩ 10.0%',6);
INSERT INTO "crawler_positions_change" VALUES(282858,'2017-03-22 02:38:31.764000','白马组合','ZH1026879','华东医药: 10.16% ⇩ 5.0%',6);
INSERT INTO "crawler_positions_change" VALUES(282859,'2017-03-22 02:38:31.764000','白马组合','ZH1026879','顺鑫农业: 29.6% ⬆ 35.0%',6);
INSERT INTO "crawler_positions_change" VALUES(282860,'2017-03-21 02:09:48.592000','白马组合','ZH1026879','云南白药: 10.36% ⇩ 0.0%',6);
INSERT INTO "crawler_positions_change" VALUES(282861,'2017-03-21 02:09:48.592000','白马组合','ZH1026879','华东医药: 10.7% ⇩ 10.0%',6);
INSERT INTO "crawler_positions_change" VALUES(282862,'2017-03-21 02:09:48.592000','白马组合','ZH1026879','东阿阿胶: 10.79% ⇩ 10.0%',6);
INSERT INTO "crawler_positions_change" VALUES(282863,'2017-03-21 02:09:48.592000','白马组合','ZH1026879','伊利股份: 10.05% ⇩ 10.0%',6);
INSERT INTO "crawler_positions_change" VALUES(282864,'2017-03-21 02:09:48.592000','白马组合','ZH1026879','双汇发展: 10.11% ⇩ 10.0%',6);
INSERT INTO "crawler_positions_change" VALUES(282865,'2017-03-21 02:09:48.592000','白马组合','ZH1026879','新华医疗: 9.59% ⬆ 10.0%',6);
INSERT INTO "crawler_positions_change" VALUES(282866,'2017-03-21 02:09:48.592000','白马组合','ZH1026879','承德露露: 9.48% ⬆ 10.0%',6);
INSERT INTO "crawler_positions_change" VALUES(282867,'2017-03-21 02:09:48.592000','白马组合','ZH1026879','昆药集团: 9.45% ⬆ 10.0%',6);
INSERT INTO "crawler_positions_change" VALUES(282868,'2017-03-21 02:09:48.592000','白马组合','ZH1026879','顺鑫农业: 19.45% ⬆ 30.0%',6);
INSERT INTO "crawler_positions_change" VALUES(282869,'2017-03-17 03:22:29.418000','漂亮10','ZH993590','海康威视: 10.83% ⇩ 10.0%',6);
INSERT INTO "crawler_positions_change" VALUES(282870,'2017-03-17 03:22:29.418000','漂亮10','ZH993590','贵州茅台: 10.34% ⇩ 10.0%',6);
INSERT INTO "crawler_positions_change" VALUES(282871,'2017-03-17 03:22:29.418000','漂亮10','ZH993590','美的集团: 10.53% ⇩ 10.0%',6);
INSERT INTO "crawler_positions_change" VALUES(282872,'2017-03-17 03:22:29.418000','漂亮10','ZH993590','科大讯飞: 10.72% ⇩ 10.0%',6);
INSERT INTO "crawler_positions_change" VALUES(282873,'2017-03-17 03:22:29.418000','漂亮10','ZH993590','东阿阿胶: 10.39% ⇩ 10.0%',6);
INSERT INTO "crawler_positions_change" VALUES(282874,'2017-03-17 03:22:29.418000','漂亮10','ZH993590','福耀玻璃: 10.47% ⇩ 10.0%',6);
INSERT INTO "crawler_positions_change" VALUES(282875,'2017-03-17 03:22:29.418000','漂亮10','ZH993590','中国神华: 9.4% ⬆ 10.0%',6);
INSERT INTO "crawler_positions_change" VALUES(282876,'2017-03-17 03:22:29.418000','漂亮10','ZH993590','中国平安: 9.39% ⬆ 10.0%',6);
INSERT INTO "crawler_positions_change" VALUES(282877,'2017-03-17 03:22:29.418000','漂亮10','ZH993590','上汽集团: 9.16% ⬆ 10.0%',6);
INSERT INTO "crawler_positions_change" VALUES(282878,'2017-03-17 03:22:29.418000','漂亮10','ZH993590','网宿科技: 8.78% ⬆ 10.0%',6);
INSERT INTO "crawler_positions_change" VALUES(282879,'2017-03-22 01:31:43.715000','A-E-B大作战','ZH507849','万家强债: 4.96% ⬆ 5.0%',6);
INSERT INTO "crawler_positions_change" VALUES(282880,'2017-03-20 02:34:13.711000','A-E-B大作战','ZH507849','恒生ETF: 5.08% ⇩ 5.0%',6);
INSERT INTO "crawler_positions_change" VALUES(282881,'2017-03-20 02:34:13.711000','A-E-B大作战','ZH507849','银华日利: 89.96% ⬆ 90.0%',6);
INSERT INTO "crawler_positions_change" VALUES(282882,'2017-03-22 03:27:36.341000','百箭1号','ZH000979','顺鑫农业: 20.96% ⬆ 21.0%',6);
INSERT INTO "crawler_positions_change" VALUES(282883,'2017-03-22 02:33:24.964000','百箭1号','ZH000979','千金药业: 0% ⬆ 1.0%',6);
INSERT INTO "crawler_positions_change" VALUES(282884,'2017-03-22 02:33:06.612000','百箭1号','ZH000979','新华医疗: 16.52% ⇩ 15.0%',6);
INSERT INTO "crawler_positions_change" VALUES(282885,'2017-03-22 02:33:06.612000','百箭1号','ZH000979','昆药集团: 7.88% ⬆ 8.0%',6);
INSERT INTO "crawler_positions_change" VALUES(282886,'2017-03-22 02:33:06.612000','百箭1号','ZH000979','顺鑫农业: 20.83% ⬆ 21.0%',6);
INSERT INTO "crawler_positions_change" VALUES(282887,'2017-03-22 02:33:06.612000','百箭1号','ZH000979','京新药业: 2.81% ⬆ 3.0%',6);
INSERT INTO "crawler_positions_change" VALUES(282888,'2017-03-21 02:20:50.644000','百箭1号','ZH000979','新华医疗: 15.78% ⬆ 16.0%',6);
INSERT INTO "crawler_positions_change" VALUES(282889,'2017-03-17 05:34:11.573000','百箭1号','ZH000979','伊力特: 2.08% ⇩ 0.0%',6);
INSERT INTO "crawler_positions_change" VALUES(282890,'2017-03-17 05:34:11.573000','百箭1号','ZH000979','新华医疗: 15.83% ⬆ 16.0%',6);
INSERT INTO "crawler_positions_change" VALUES(282891,'2017-03-17 05:34:11.573000','百箭1号','ZH000979','顺鑫农业: 19.08% ⬆ 21.0%',6);
INSERT INTO "crawler_positions_change" VALUES(282892,'2017-03-10 02:59:41.245000','百箭1号','ZH000979','海正药业: 2.93% ⬆ 3.0%',6);
INSERT INTO "crawler_positions_change" VALUES(282893,'2017-03-10 02:59:41.245000','百箭1号','ZH000979','昆药集团: 7.9% ⬆ 8.0%',6);
INSERT INTO "crawler_positions_change" VALUES(282894,'2017-03-10 02:59:41.245000','百箭1号','ZH000979','新华医疗: 15.48% ⬆ 16.0%',6);
INSERT INTO "crawler_positions_change" VALUES(282895,'2017-03-10 01:53:54.129000','百箭1号','ZH000979','伊力特: 5.89% ⇩ 2.0%',6);
INSERT INTO "crawler_positions_change" VALUES(282896,'2017-03-10 01:53:54.129000','百箭1号','ZH000979','东阿阿胶: 0.98% ⬆ 4.0%',6);
INSERT INTO "crawler_positions_change" VALUES(282897,'2017-03-10 01:34:39.979000','股价是条狗','ZH394820','伟星新材: 4.37% ⬆ 9.3%',6);
INSERT INTO "crawler_positions_change" VALUES(282898,'2017-03-23 02:17:03.971000','施洛斯','ZH750478','亚洲水泥(中国): 4.04% ⇩ 3.0%',2);
INSERT INTO "crawler_positions_change" VALUES(282899,'2017-03-23 02:17:03.971000','施洛斯','ZH750478','台泥国际集团: 8.63% ⇩ 7.0%',2);
INSERT INTO "crawler_positions_change" VALUES(282900,'2017-03-23 02:17:03.971000','施洛斯','ZH750478','澳博控股: 3.1% ⬆ 4.0%',2);
INSERT INTO "crawler_positions_change" VALUES(282901,'2017-03-23 02:17:03.971000','施洛斯','ZH750478','朗生医药: 1.96% ⬆ 3.0%',2);
INSERT INTO "crawler_positions_change" VALUES(282902,'2017-03-22 05:49:23.972000','施洛斯','ZH750478','正业国际: 6.13% ⇩ 5.0%',2);
INSERT INTO "crawler_positions_change" VALUES(282903,'2017-03-22 03:00:50.310000','施洛斯','ZH750478','正业国际: 7.27% ⇩ 6.0%',2);
INSERT INTO "crawler_positions_change" VALUES(282904,'2017-03-22 02:02:41.450000','施洛斯','ZH750478','亚洲水泥(中国): 4.95% ⇩ 4.0%',2);
INSERT INTO "crawler_positions_change" VALUES(282905,'2017-03-21 03:10:26.211000','施洛斯','ZH750478','西部水泥: 1.09% ⇩ 0.0%',2);
INSERT INTO "crawler_positions_change" VALUES(282906,'2017-03-21 03:10:26.211000','施洛斯','ZH750478','朗生医药: 0% ⬆ 2.0%',2);
INSERT INTO "crawler_positions_change" VALUES(282907,'2017-03-20 02:42:08.140000','施洛斯','ZH750478','台泥国际集团: 10.42% ⇩ 9.0%',2);
INSERT INTO "crawler_positions_change" VALUES(282908,'2017-03-20 02:28:33.752000','施洛斯','ZH750478','三一国际: 0.99% ⇩ 0.0%',2);
INSERT INTO "crawler_positions_change" VALUES(282909,'2017-03-20 02:28:33.752000','施洛斯','ZH750478','京能清洁能源: 0% ⬆ 2.0%',2);
INSERT INTO "crawler_positions_change" VALUES(282910,'2017-03-16 03:26:04.663000','施洛斯','ZH750478','亚洲水泥(中国): 7.95% ⇩ 5.0%',2);
INSERT INTO "crawler_positions_change" VALUES(282911,'2017-03-16 03:26:04.663000','施洛斯','ZH750478','宝业集团: 2.03% ⬆ 3.0%',2);
INSERT INTO "crawler_positions_change" VALUES(282912,'2017-03-15 02:09:51.256000','施洛斯','ZH750478','复星国际: 2.84% ⬆ 3.0%',2);
INSERT INTO "crawler_positions_change" VALUES(282913,'2017-03-15 02:09:51.256000','施洛斯','ZH750478','正业国际: 8.06% ⇩ 7.0%',2);
INSERT INTO "crawler_positions_change" VALUES(282914,'2017-03-15 02:09:51.256000','施洛斯','ZH750478','复星国际: 1.77% ⬆ 2.84%',2);
INSERT INTO "crawler_positions_change" VALUES(282915,'2017-03-15 02:08:59.449000','施洛斯','ZH750478','阳光纸业: 10.32% ⇩ 9.0%',2);
INSERT INTO "crawler_positions_change" VALUES(282916,'2017-03-15 02:08:59.449000','施洛斯','ZH750478','复星国际: 0% ⬆ 1.76%',2);
INSERT INTO "crawler_positions_change" VALUES(282917,'2017-03-14 02:40:56.124000','施洛斯','ZH750478','中石化冠德: 3.02% ⬆ 4.0%',2);
INSERT INTO "crawler_positions_change" VALUES(282918,'2017-03-14 02:40:56.124000','施洛斯','ZH750478','澳博控股: 1.99% ⬆ 3.0%',2);
INSERT INTO "crawler_positions_change" VALUES(282919,'2017-03-13 01:37:30.487000','施洛斯','ZH750478','中石化冠德: 2.04% ⬆ 3.0%',2);
INSERT INTO "crawler_positions_change" VALUES(282920,'2017-03-13 01:37:30.487000','施洛斯','ZH750478','中国南方航空股份: 6.15% ⬆ 8.0%',2);
INSERT INTO "crawler_positions_change" VALUES(282921,'2017-03-10 07:52:16.263000','施洛斯','ZH750478','三一国际: 0% ⬆ 1.0%',2);
INSERT INTO "crawler_positions_change" VALUES(282922,'2017-03-10 01:45:32.566000','施洛斯','ZH750478','西部水泥: 2.61% ⇩ 1.0%',2);
INSERT INTO "crawler_positions_change" VALUES(282923,'2017-03-10 01:45:32.566000','施洛斯','ZH750478','中国南方航空股份: 3.82% ⬆ 6.0%',2);
INSERT INTO "crawler_positions_change" VALUES(282924,'2017-03-08 07:40:15.728000','施洛斯','ZH750478','宝业集团: 1.02% ⬆ 2.0%',2);
INSERT INTO "crawler_positions_change" VALUES(282925,'2017-03-08 03:40:18.875000','施洛斯','ZH750478','合丰集团: 4.79% ⇩ 3.0%',2);
INSERT INTO "crawler_positions_change" VALUES(282926,'2017-03-08 03:40:18.875000','施洛斯','ZH750478','正业国际: 10.33% ⇩ 9.0%',2);
INSERT INTO "crawler_positions_change" VALUES(282927,'2017-03-08 03:40:18.875000','施洛斯','ZH750478','宝业集团: 0% ⬆ 1.0%',2);
INSERT INTO "crawler_positions_change" VALUES(282928,'2017-03-13 02:22:15.710000','大户A类','ZH526063','深成指B: 94.1% ⬆ 96.0%',2);
INSERT INTO "crawler_positions_change" VALUES(282929,'2017-03-13 07:27:28.204000','小赌怡情','ZH006435','华宝国际: 21.6% ⇩ 0.0%',2);
INSERT INTO "crawler_positions_change" VALUES(282930,'2017-03-09 02:38:31.044000','小赌怡情','ZH006435','合富辉煌: 0% ⬆ 40.0%',2);
INSERT INTO "crawler_positions_change" VALUES(282931,'2017-03-27 03:04:24.470000','h股格氏组合','ZH798059','融创中国: 15.75% ⬆ 20.0%',2);
INSERT INTO "crawler_positions_change" VALUES(282932,'2017-03-27 02:59:55.401000','h股格氏组合','ZH798059','新天绿色能源: 18.12% ⇩ 0.0%',2);
INSERT INTO "crawler_positions_change" VALUES(282933,'2017-03-27 02:59:55.401000','h股格氏组合','ZH798059','中国三江化工: 0% ⬆ 8.0%',2);
INSERT INTO "crawler_positions_change" VALUES(282934,'2017-03-13 03:04:47.392000','h股格氏组合','ZH798059','阳光纸业: 19.81% ⇩ 18.0%',2);
INSERT INTO "crawler_positions_change" VALUES(282935,'2017-03-13 03:04:47.392000','h股格氏组合','ZH798059','长城汽车: 8.46% ⬆ 9.0%',2);
INSERT INTO "crawler_positions_change" VALUES(282936,'2017-03-13 02:54:29.404000','h股格氏组合','ZH798059','阳光纸业: 27.71% ⇩ 20.0%',2);
INSERT INTO "crawler_positions_change" VALUES(282937,'2017-03-13 02:54:29.404000','h股格氏组合','ZH798059','中国南方航空股份: 6.19% ⬆ 14.0%',2);
INSERT INTO "crawler_positions_change" VALUES(282938,'2017-03-10 07:25:52.466000','h股格氏组合','ZH798059','迪生创建: 3.72% ⇩ 0.0%',2);
INSERT INTO "crawler_positions_change" VALUES(282939,'2017-03-10 07:25:52.466000','h股格氏组合','ZH798059','中国南方航空股份: 3.0% ⬆ 6.0%',2);
INSERT INTO "crawler_positions_change" VALUES(282940,'2017-03-10 07:25:28.973000','h股格氏组合','ZH798059','博富临置业: 2.73% ⇩ 0.0%',2);
INSERT INTO "crawler_positions_change" VALUES(282941,'2017-03-10 07:25:28.973000','h股格氏组合','ZH798059','中国南方航空股份: 0% ⬆ 3.0%',2);
INSERT INTO "crawler_positions_change" VALUES(282942,'2017-03-24 03:13:34.603000','A轮1号A类组合','ZH514113','上海临港: 4.12% ⇩ 3.0%',2);
INSERT INTO "crawler_positions_change" VALUES(282943,'2017-03-24 03:13:34.603000','A轮1号A类组合','ZH514113','国投电力: 0.97% ⬆ 2.0%',2);
INSERT INTO "crawler_positions_change" VALUES(282944,'2017-03-23 06:41:42.847000','A轮1号A类组合','ZH514113','证券A级: 29.95% ⇩ 25.0%',2);
INSERT INTO "crawler_positions_change" VALUES(282945,'2017-03-23 05:29:22.634000','A轮1号A类组合','ZH514113','上汽集团: 2.04% ⇩ 1.0%',2);
INSERT INTO "crawler_positions_change" VALUES(282946,'2017-03-23 05:29:22.634000','A轮1号A类组合','ZH514113','双汇发展: 11.12% ⇩ 10.0%',2);
INSERT INTO "crawler_positions_change" VALUES(282947,'2017-03-23 05:29:22.634000','A轮1号A类组合','ZH514113','上海临港: 1.94% ⬆ 4.0%',2);
INSERT INTO "crawler_positions_change" VALUES(282948,'2017-03-22 06:33:43.982000','A轮1号A类组合','ZH514113','煤炭A基: 20.01% ⇩ 15.0%',2);
INSERT INTO "crawler_positions_change" VALUES(282949,'2017-03-22 06:33:43.982000','A轮1号A类组合','ZH514113','证券A级: 24.94% ⬆ 30.0%',2);
INSERT INTO "crawler_positions_change" VALUES(282950,'2017-03-22 02:02:29.079000','A轮1号A类组合','ZH514113','山东黄金: 5.07% ⇩ 4.0%',2);
INSERT INTO "crawler_positions_change" VALUES(282951,'2017-03-22 02:02:29.079000','A轮1号A类组合','ZH514113','上海临港: 0.99% ⬆ 2.0%',2);
INSERT INTO "crawler_positions_change" VALUES(282952,'2017-03-22 02:02:29.079000','A轮1号A类组合','ZH514113','证券A级: 14.9% ⬆ 25.0%',2);
INSERT INTO "crawler_positions_change" VALUES(282953,'2017-03-21 05:29:41.691000','A轮1号A类组合','ZH514113','双汇发展: 12.11% ⇩ 11.0%',2);
INSERT INTO "crawler_positions_change" VALUES(282954,'2017-03-21 05:29:41.691000','A轮1号A类组合','ZH514113','上海临港: 0% ⬆ 1.0%',2);
INSERT INTO "crawler_positions_change" VALUES(282955,'2017-03-21 05:00:56.544000','A轮1号A类组合','ZH514113','证券A级: 9.97% ⬆ 15.0%',2);
INSERT INTO "crawler_positions_change" VALUES(282956,'2017-03-21 02:38:42.797000','A轮1号A类组合','ZH514113','煤炭A基: 14.98% ⬆ 20.0%',2);
INSERT INTO "crawler_positions_change" VALUES(282957,'2017-03-21 02:34:38.145000','A轮1号A类组合','ZH514113','双汇发展: 12.28% ⇩ 12.0%',2);
INSERT INTO "crawler_positions_change" VALUES(282958,'2017-03-21 02:34:38.145000','A轮1号A类组合','ZH514113','山东黄金: 3.95% ⬆ 5.0%',2);
INSERT INTO "crawler_positions_change" VALUES(282959,'2017-03-21 02:34:38.145000','A轮1号A类组合','ZH514113','证券A级: 4.96% ⬆ 10.0%',2);
INSERT INTO "crawler_positions_change" VALUES(282960,'2017-03-20 03:10:47.897000','A轮1号A类组合','ZH514113','钢铁A: 5.02% ⇩ 0.0%',2);
INSERT INTO "crawler_positions_change" VALUES(282961,'2017-03-20 03:10:47.897000','A轮1号A类组合','ZH514113','煤炭A基: 9.98% ⬆ 15.0%',2);
INSERT INTO "crawler_positions_change" VALUES(282962,'2017-03-20 03:05:51.296000','A轮1号A类组合','ZH514113','国投电力: 2.09% ⇩ 1.0%',2);
INSERT INTO "crawler_positions_change" VALUES(282963,'2017-03-20 03:05:51.296000','A轮1号A类组合','ZH514113','山东黄金: 3.85% ⬆ 4.0%',2);
INSERT INTO "crawler_positions_change" VALUES(282964,'2017-03-20 03:05:51.296000','A轮1号A类组合','ZH514113','上汽集团: 1.03% ⬆ 2.0%',2);
INSERT INTO "crawler_positions_change" VALUES(282965,'2017-03-20 03:05:51.296000','A轮1号A类组合','ZH514113','证券A级: 0% ⬆ 5.0%',2);
INSERT INTO "crawler_positions_change" VALUES(282966,'2017-03-15 05:34:10.935000','A轮1号A类组合','ZH514113','国投电力: 3.2% ⇩ 2.0%',2);
INSERT INTO "crawler_positions_change" VALUES(282967,'2017-03-15 05:34:10.935000','A轮1号A类组合','ZH514113','大洋电机: 0% ⬆ 2.0%',2);
INSERT INTO "crawler_positions_change" VALUES(282968,'2017-03-17 01:37:24.293000','a类轮动','ZH558691','深成指A: 30.12% ⇩ 25.0%',2);
INSERT INTO "crawler_positions_change" VALUES(282969,'2017-03-17 01:37:24.293000','a类轮动','ZH558691','富国天锋: 14.97% ⬆ 15.0%',2);
INSERT INTO "crawler_positions_change" VALUES(282970,'2017-03-17 01:37:24.293000','a类轮动','ZH558691','银华日利: 34.92% ⬆ 35.0%',2);
INSERT INTO "crawler_positions_change" VALUES(282971,'2017-03-17 01:37:24.293000','a类轮动','ZH558691','H股A: 20.0% ⬆ 25.0%',2);
INSERT INTO "crawler_positions_change" VALUES(282972,'2017-03-15 06:56:53.203000','a类轮动','ZH558691','深成指A: 30.35% ⇩ 30.0%',2);
INSERT INTO "crawler_positions_change" VALUES(282973,'2017-03-15 06:56:53.203000','a类轮动','ZH558691','银华日利: 39.96% ⇩ 35.0%',2);
INSERT INTO "crawler_positions_change" VALUES(282974,'2017-03-15 06:56:53.203000','a类轮动','ZH558691','H股A: 19.77% ⬆ 20.0%',2);
INSERT INTO "crawler_positions_change" VALUES(282975,'2017-03-15 06:56:53.203000','a类轮动','ZH558691','富国天锋: 9.93% ⬆ 15.0%',2);
INSERT INTO "crawler_positions_change" VALUES(282976,'2017-03-16 02:25:40.944000','大视野股权投资','ZH070593','上海机场: 2.82% ⇩ 0.0%',2);
INSERT INTO "crawler_positions_change" VALUES(282977,'2017-03-16 02:25:40.944000','大视野股权投资','ZH070593','平安银行: 2.67% ⇩ 0.0%',2);
INSERT INTO "crawler_positions_change" VALUES(282978,'2017-03-16 02:25:40.944000','大视野股权投资','ZH070593','中国神华: 3.08% ⇩ 0.0%',2);
INSERT INTO "crawler_positions_change" VALUES(282979,'2017-03-16 02:25:40.944000','大视野股权投资','ZH070593','大秦铁路: 5.91% ⇩ 0.0%',2);
INSERT INTO "crawler_positions_change" VALUES(282980,'2017-03-16 02:25:40.944000','大视野股权投资','ZH070593','华东医药: 3.33% ⬆ 11.0%',2);
INSERT INTO "crawler_positions_change" VALUES(282981,'2017-03-08 02:50:55.335000','大视野股权投资','ZH070593','长江电力: 2.71% ⇩ 0.0%',2);
INSERT INTO "crawler_positions_change" VALUES(282982,'2017-03-08 02:50:55.335000','大视野股权投资','ZH070593','科伦药业: 0% ⬆ 1.0%',2);
INSERT INTO "crawler_positions_change" VALUES(282983,'2017-03-10 02:38:20.101000','港股策略','ZH284214','阿里影业: 9.88% ⬆ 9.9%',2);
INSERT INTO "crawler_positions_change" VALUES(282984,'2017-03-10 02:38:20.101000','港股策略','ZH284214','阿里影业: 0% ⬆ 9.88%',2);
INSERT INTO "crawler_positions_change" VALUES(282985,'2017-03-10 02:38:20.101000','港股策略','ZH284214','中信证券: 0% ⬆ 10.0%',2);
INSERT INTO "crawler_positions_change" VALUES(282986,'2017-03-10 02:35:54.321000','港股策略','ZH284214','酷派集团: 0% ⬆ 10.0%',2);
INSERT INTO "crawler_positions_change" VALUES(282987,'2017-03-10 02:35:54.321000','港股策略','ZH284214','瑞安房地产: 0% ⬆ 10.0%',2);
INSERT INTO "crawler_positions_change" VALUES(282988,'2017-03-10 02:32:46.784000','港股策略','ZH284214','大昌行集团: 0% ⬆ 10.0%',2);
INSERT INTO "crawler_positions_change" VALUES(282989,'2017-03-10 02:31:10.447000','港股策略','ZH284214','协合新能源: 0% ⬆ 10.0%',2);
INSERT INTO "crawler_positions_change" VALUES(282990,'2017-03-10 02:29:36.502000','港股策略','ZH284214','利丰: 0% ⬆ 10.0%',2);
INSERT INTO "crawler_positions_change" VALUES(282991,'2017-03-10 02:29:36.502000','港股策略','ZH284214','山东墨龙: 0% ⬆ 10.0%',2);
INSERT INTO "crawler_positions_change" VALUES(282992,'2017-03-10 02:29:36.502000','港股策略','ZH284214','都市丽人: 0% ⬆ 10.0%',2);
INSERT INTO "crawler_positions_change" VALUES(282993,'2017-03-10 02:29:36.502000','港股策略','ZH284214','中石化油服: 0% ⬆ 10.0%',2);
INSERT INTO "crawler_positions_change" VALUES(282994,'2017-03-10 02:29:36.502000','港股策略','ZH284214','智美体育: 0% ⬆ 10.0%',2);
INSERT INTO "crawler_positions_change" VALUES(282995,'2017-03-10 02:26:32.476000','港股策略','ZH284214','海尔电器: 22.29% ⇩ 0.0%',2);
INSERT INTO "crawler_positions_change" VALUES(282996,'2017-03-10 02:26:32.476000','港股策略','ZH284214','北京控股: 20.4% ⇩ 0.0%',2);
INSERT INTO "crawler_positions_change" VALUES(282997,'2017-03-10 02:26:32.476000','港股策略','ZH284214','同方泰德: 18.49% ⇩ 0.0%',2);
INSERT INTO "crawler_positions_change" VALUES(282998,'2017-03-10 02:26:32.476000','港股策略','ZH284214','雅士利国际: 0% ⬆ 10.0%',2);
INSERT INTO "crawler_positions_change" VALUES(282999,'2017-03-17 01:30:48.422000','價值市場組合','ZH016246','中华汽车: 0.97% ⬆ 0.98%',2);
INSERT INTO "crawler_positions_change" VALUES(283000,'2017-03-09 05:05:11.198000','保险柜','ZH007264','合富辉煌: 9.99% ⬆ 10.0%',2);
INSERT INTO "crawler_positions_change" VALUES(283001,'2017-03-09 05:05:11.198000','保险柜','ZH007264','经济日报集团: 6.97% ⇩ 5.0%',2);
INSERT INTO "crawler_positions_change" VALUES(283002,'2017-03-09 05:05:11.198000','保险柜','ZH007264','合富辉煌: 8.02% ⬆ 9.99%',2);
INSERT INTO "crawler_positions_change" VALUES(283003,'2017-03-09 05:00:15.359000','保险柜','ZH007264','神威药业: 7.4% ⇩ 5.0%',2);
INSERT INTO "crawler_positions_change" VALUES(283004,'2017-03-09 05:00:15.359000','保险柜','ZH007264','陆氏集团(越南): 9.41% ⇩ 5.0%',2);
INSERT INTO "crawler_positions_change" VALUES(283005,'2017-03-09 05:00:15.359000','保险柜','ZH007264','合富辉煌: 0.93% ⬆ 8.05%',2);
INSERT INTO "crawler_positions_change" VALUES(283006,'2017-03-23 03:33:33.609000','别人的砒霜','ZH004099','新天绿色能源: 6.98% ⇩ 6.0%',2);
INSERT INTO "crawler_positions_change" VALUES(283007,'2017-03-23 03:33:33.609000','别人的砒霜','ZH004099','珠江钢管: 7.1% ⇩ 6.0%',2);
INSERT INTO "crawler_positions_change" VALUES(283008,'2017-03-23 03:33:33.609000','别人的砒霜','ZH004099','福莱特玻璃: 8.15% ⇩ 7.0%',2);
INSERT INTO "crawler_positions_change" VALUES(283009,'2017-03-23 03:33:33.609000','别人的砒霜','ZH004099','朗生医药: 8.06% ⇩ 7.0%',2);
INSERT INTO "crawler_positions_change" VALUES(283010,'2017-03-23 03:33:33.609000','别人的砒霜','ZH004099','利福中国: 6.96% ⇩ 5.0%',2);
INSERT INTO "crawler_positions_change" VALUES(283011,'2017-03-23 03:33:33.609000','别人的砒霜','ZH004099','绿城中国: 0.0% ⬆ 6.0%',2);
INSERT INTO "crawler_positions_change" VALUES(283012,'2017-03-23 03:21:27.791000','别人的砒霜','ZH004099','绿城中国: 7.03% ⇩ 0.0%',2);
INSERT INTO "crawler_positions_change" VALUES(283013,'2017-03-23 03:21:27.791000','别人的砒霜','ZH004099','香港建设(控股): 7.18% ⇩ 0.0%',2);
INSERT INTO "crawler_positions_change" VALUES(283014,'2017-03-23 03:21:27.791000','别人的砒霜','ZH004099','台泥国际集团: 4.74% ⇩ 0.0%',2);
INSERT INTO "crawler_positions_change" VALUES(283015,'2017-03-23 03:21:27.791000','别人的砒霜','ZH004099','长寿花食品: 4.05% ⬆ 5.0%',2);
INSERT INTO "crawler_positions_change" VALUES(283016,'2017-03-23 03:21:27.791000','别人的砒霜','ZH004099','新天绿色能源: 5.86% ⬆ 7.0%',2);
INSERT INTO "crawler_positions_change" VALUES(283017,'2017-03-23 03:21:27.791000','别人的砒霜','ZH004099','朗生医药: 6.08% ⬆ 8.0%',2);
INSERT INTO "crawler_positions_change" VALUES(283018,'2017-03-23 03:21:27.791000','别人的砒霜','ZH004099','珠江钢管: 0% ⬆ 7.0%',2);
INSERT INTO "crawler_positions_change" VALUES(283019,'2017-03-23 03:21:27.791000','别人的砒霜','ZH004099','福莱特玻璃: 0% ⬆ 8.0%',2);
INSERT INTO "crawler_positions_change" VALUES(283020,'2017-03-10 01:52:06.418000','别人的砒霜','ZH004099','中石化冠德: 6.45% ⇩ 5.0%',2);
INSERT INTO "crawler_positions_change" VALUES(283021,'2017-03-10 01:52:06.418000','别人的砒霜','ZH004099','中国南方航空股份: 7.43% ⇩ 5.0%',2);
INSERT INTO "crawler_positions_change" VALUES(283022,'2017-03-10 01:52:06.418000','别人的砒霜','ZH004099','永达汽车: 1.89% ⇩ 0.0%',2);
INSERT INTO "crawler_positions_change" VALUES(283023,'2017-03-10 01:52:06.418000','别人的砒霜','ZH004099','台泥国际集团: 6.72% ⇩ 5.0%',2);
INSERT INTO "crawler_positions_change" VALUES(283024,'2017-03-10 01:52:06.418000','别人的砒霜','ZH004099','中广核电力: 3.66% ⬆ 4.0%',2);
INSERT INTO "crawler_positions_change" VALUES(283025,'2017-03-10 01:52:06.418000','别人的砒霜','ZH004099','华能国际电力股份: 3.82% ⬆ 5.0%',2);
INSERT INTO "crawler_positions_change" VALUES(283026,'2017-03-10 01:52:06.418000','别人的砒霜','ZH004099','朗生医药: 0% ⬆ 6.0%',2);
INSERT INTO "crawler_positions_change" VALUES(283027,'2017-03-08 05:00:16.327000','别人的砒霜','ZH004099','新晨动力: 6.16% ⇩ 0.0%',2);
INSERT INTO "crawler_positions_change" VALUES(283028,'2017-03-08 05:00:16.327000','别人的砒霜','ZH004099','香港建设(控股): 0.92% ⬆ 7.0%',2);
INSERT INTO "crawler_positions_change" VALUES(283029,'2017-03-27 02:02:22.684000','格雷厄姆A股系统','ZH695187','浦发银行: 4.1% ⇩ 0.0%',2);
INSERT INTO "crawler_positions_change" VALUES(283030,'2017-03-27 02:02:22.684000','格雷厄姆A股系统','ZH695187','中国石化: 7.04% ⬆ 9.0%',2);
INSERT INTO "crawler_positions_change" VALUES(283031,'2017-03-27 02:02:22.684000','格雷厄姆A股系统','ZH695187','大秦铁路: 5.98% ⬆ 8.12%',2);
INSERT INTO "crawler_positions_change" VALUES(283032,'2017-03-15 01:39:48.904000','格雷厄姆A股系统','ZH695187','国投电力: 16.04% ⬆ 16.05%',2);
INSERT INTO "crawler_positions_change" VALUES(283033,'2017-03-15 01:39:48.904000','格雷厄姆A股系统','ZH695187','银华日利: 4.95% ⇩ 0.0%',2);
INSERT INTO "crawler_positions_change" VALUES(283034,'2017-03-15 01:39:48.904000','格雷厄姆A股系统','ZH695187','国投电力: 11.08% ⬆ 16.04%',2);
INSERT INTO "crawler_positions_change" VALUES(283035,'2017-03-13 05:00:42.570000','格雷厄姆A股系统','ZH695187','银华日利: 9.96% ⇩ 5.0%',2);
INSERT INTO "crawler_positions_change" VALUES(283036,'2017-03-13 05:00:42.570000','格雷厄姆A股系统','ZH695187','国投电力: 5.5% ⬆ 10.45%',2);
INSERT INTO "crawler_positions_change" VALUES(283037,'2017-03-10 05:45:29.856000','格雷厄姆A股系统','ZH695187','银华日利: 20.44% ⇩ 10.0%',2);
INSERT INTO "crawler_positions_change" VALUES(283038,'2017-03-10 05:45:29.856000','格雷厄姆A股系统','ZH695187','中国银行: 4.64% ⬆ 6.76%',2);
INSERT INTO "crawler_positions_change" VALUES(283039,'2017-03-10 05:45:29.856000','格雷厄姆A股系统','ZH695187','证券ETF: 5.37% ⬆ 8.0%',2);
INSERT INTO "crawler_positions_change" VALUES(283040,'2017-03-10 05:45:29.856000','格雷厄姆A股系统','ZH695187','兴业银行: 4.32% ⬆ 7.0%',2);
INSERT INTO "crawler_positions_change" VALUES(283041,'2017-03-10 05:45:29.856000','格雷厄姆A股系统','ZH695187','中国建筑: 0% ⬆ 3.0%',2);
INSERT INTO "crawler_positions_change" VALUES(283042,'2017-03-22 05:16:39.575000','格雷厄姆H股系统','ZH575175','中海油田服务: 4.31% ⇩ 0.0%',2);
INSERT INTO "crawler_positions_change" VALUES(283043,'2017-03-10 06:02:47.141000','格雷厄姆H股系统','ZH575175','叶氏化工集团: 4.84% ⇩ 4.0%',2);
INSERT INTO "crawler_positions_change" VALUES(283044,'2017-03-10 06:02:47.141000','格雷厄姆H股系统','ZH575175','中国神华: 5.6% ⬆ 6.44%',2);
INSERT INTO "crawler_positions_change" VALUES(283045,'2017-03-10 06:02:47.141000','格雷厄姆H股系统','ZH575175','中集安瑞科: 12.06% ⬆ 13.0%',2);
INSERT INTO "crawler_positions_change" VALUES(283046,'2017-03-10 06:02:47.141000','格雷厄姆H股系统','ZH575175','复星国际: 5.71% ⬆ 8.0%',2);
INSERT INTO "crawler_positions_change" VALUES(283047,'2017-03-10 06:02:47.141000','格雷厄姆H股系统','ZH575175','英皇娱乐酒店: 9.07% ⬆ 11.8%',2);
INSERT INTO "crawler_positions_change" VALUES(283048,'2017-03-17 02:44:47.668000','施洛斯H股系统','ZH080547','中国神华: 7.31% ⬆ 10.0%',2);
INSERT INTO "crawler_positions_change" VALUES(283049,'2017-03-14 02:51:13.432000','施洛斯H股系统','ZH080547','哈尔滨电气: 11.27% ⇩ 5.0%',2);
INSERT INTO "crawler_positions_change" VALUES(283050,'2017-03-13 01:34:42.411000','施洛斯H股系统','ZH080547','哈尔滨电气: 2.67% ⬆ 11.28%',2);
INSERT INTO "crawler_positions_change" VALUES(283051,'2017-03-10 05:52:15.539000','施洛斯H股系统','ZH080547','英皇娱乐酒店: 9.46% ⬆ 15.0%',2);
CREATE TABLE "crawler_accumulated_position" ("id" integer NOT NULL PRIMARY KEY AUTOINCREMENT, "stock" varchar(20) NOT NULL, "percent" decimal NOT NULL, "people" integer unsigned NOT NULL, "portfolio_id" integer NOT NULL REFERENCES "crawler_portfolio" ("id"));
INSERT INTO "crawler_accumulated_position" VALUES(319992,'深成指B',1.02240000000000009095e+02,2,1);
INSERT INTO "crawler_accumulated_position" VALUES(319993,'格力电器',2.84359999999999956809e+02,16,1);
INSERT INTO "crawler_accumulated_position" VALUES(319994,'证券B',14.87,1,1);
INSERT INTO "crawler_accumulated_position" VALUES(319995,'国投电力',176.36,11,1);
INSERT INTO "crawler_accumulated_position" VALUES(319996,'兴业银行',3.66250000000000056846e+02,17,1);
INSERT INTO "crawler_accumulated_position" VALUES(319997,'中国平安',2.79030000000000029565e+02,17,1);
INSERT INTO "crawler_accumulated_position" VALUES(319998,'招商银行',239.41,13,1);
INSERT INTO "crawler_accumulated_position" VALUES(319999,'中国建筑',30.5,4,1);
INSERT INTO "crawler_accumulated_position" VALUES(320000,'北京银行',1.54400000000000012789e+01,3,1);
INSERT INTO "crawler_accumulated_position" VALUES(320001,'光大银行',3.93,1,1);
INSERT INTO "crawler_accumulated_position" VALUES(320002,'中国银行',19.82,3,1);
INSERT INTO "crawler_accumulated_position" VALUES(320003,'吉林敖东',4.74,1,1);
INSERT INTO "crawler_accumulated_position" VALUES(320004,'海螺水泥',5.6,1,1);
INSERT INTO "crawler_accumulated_position" VALUES(320005,'民生银行',194.27,7,1);
INSERT INTO "crawler_accumulated_position" VALUES(320006,'中信证券',8.67,2,1);
INSERT INTO "crawler_accumulated_position" VALUES(320007,'上汽集团',36.74,2,1);
INSERT INTO "crawler_accumulated_position" VALUES(320008,'证券ETF',7.74,1,1);
INSERT INTO "crawler_accumulated_position" VALUES(320009,'中国石化',8.99,1,1);
INSERT INTO "crawler_accumulated_position" VALUES(320010,'大秦铁路',8.15,1,1);
INSERT INTO "crawler_accumulated_position" VALUES(320011,'万科A',37.64,4,1);
INSERT INTO "crawler_accumulated_position" VALUES(320012,'贵州茅台',1.45899999999999977267e+02,8,1);
INSERT INTO "crawler_accumulated_position" VALUES(320013,'承德露露',2.01,1,1);
INSERT INTO "crawler_accumulated_position" VALUES(320014,'昆药集团',1.91,1,1);
INSERT INTO "crawler_accumulated_position" VALUES(320015,'华东医药',88.8,3,1);
INSERT INTO "crawler_accumulated_position" VALUES(320016,'平安银行',57.2,3,1);
INSERT INTO "crawler_accumulated_position" VALUES(320017,'白云山',12.26,2,1);
INSERT INTO "crawler_accumulated_position" VALUES(320018,'银华日利',254.78,8,1);
INSERT INTO "crawler_accumulated_position" VALUES(320019,'晨光文具',1.87,1,1);
INSERT INTO "crawler_accumulated_position" VALUES(320020,'H股ETF',52.68,4,1);
INSERT INTO "crawler_accumulated_position" VALUES(320021,'神州高铁',3.9,1,1);
INSERT INTO "crawler_accumulated_position" VALUES(320022,'美的集团',122.48,10,1);
INSERT INTO "crawler_accumulated_position" VALUES(320023,'青岛海尔',19.47,5,1);
INSERT INTO "crawler_accumulated_position" VALUES(320024,'华海药业',2.77,3,1);
INSERT INTO "crawler_accumulated_position" VALUES(320025,'长安汽车',86.48,9,1);
INSERT INTO "crawler_accumulated_position" VALUES(320026,'森马服饰',1.83,1,1);
INSERT INTO "crawler_accumulated_position" VALUES(320027,'赣锋锂业',4.89,1,1);
INSERT INTO "crawler_accumulated_position" VALUES(320028,'天齐锂业',6.24,1,1);
INSERT INTO "crawler_accumulated_position" VALUES(320029,'隆基股份',1.21100000000000012083e+01,2,1);
INSERT INTO "crawler_accumulated_position" VALUES(320030,'豫能控股',30.35,1,1);
INSERT INTO "crawler_accumulated_position" VALUES(320031,'新宝股份',25.18,2,1);
INSERT INTO "crawler_accumulated_position" VALUES(320032,'劲拓股份',10.04,1,1);
INSERT INTO "crawler_accumulated_position" VALUES(320033,'好莱客',2.91,1,1);
INSERT INTO "crawler_accumulated_position" VALUES(320034,'国金证券',2.96,1,1);
INSERT INTO "crawler_accumulated_position" VALUES(320035,'华兰生物',9.92,1,1);
INSERT INTO "crawler_accumulated_position" VALUES(320036,'青海华鼎',9.96,1,1);
INSERT INTO "crawler_accumulated_position" VALUES(320037,'中科创达',2.99,1,1);
INSERT INTO "crawler_accumulated_position" VALUES(320038,'白云机场',27.02,1,1);
INSERT INTO "crawler_accumulated_position" VALUES(320039,'东阿阿胶',42.22,3,1);
INSERT INTO "crawler_accumulated_position" VALUES(320040,'康美药业',34.44,2,1);
INSERT INTO "crawler_accumulated_position" VALUES(320041,'同仁堂',12.52,1,1);
INSERT INTO "crawler_accumulated_position" VALUES(320042,'川投能源',8.77,3,1);
INSERT INTO "crawler_accumulated_position" VALUES(320043,'福耀玻璃',23.6,3,1);
INSERT INTO "crawler_accumulated_position" VALUES(320044,'华宝添益',44.52,2,1);
INSERT INTO "crawler_accumulated_position" VALUES(320045,'信立泰',6.73,2,1);
INSERT INTO "crawler_accumulated_position" VALUES(320046,'潍柴动力',11.78,2,1);
INSERT INTO "crawler_accumulated_position" VALUES(320047,'春秋航空',11.72,1,1);
INSERT INTO "crawler_accumulated_position" VALUES(320048,'光明地产',6.97,1,1);
INSERT INTO "crawler_accumulated_position" VALUES(320049,'迈克生物',7.96,1,1);
INSERT INTO "crawler_accumulated_position" VALUES(320050,'中集集团',14.72,1,1);
INSERT INTO "crawler_accumulated_position" VALUES(320051,'伊利股份',20.46,2,1);
INSERT INTO "crawler_accumulated_position" VALUES(320052,'H股B',1.0375999999999999091e+02,4,1);
INSERT INTO "crawler_accumulated_position" VALUES(320053,'保利地产',8.39299999999999926138e+01,4,1);
INSERT INTO "crawler_accumulated_position" VALUES(320054,'华域汽车',72.01,2,1);
INSERT INTO "crawler_accumulated_position" VALUES(320055,'洋河股份',23.96,2,1);
INSERT INTO "crawler_accumulated_position" VALUES(320056,'复星医药',19.44,1,1);
INSERT INTO "crawler_accumulated_position" VALUES(320057,'华夏幸福',1.11429999999999992607e+02,6,1);
INSERT INTO "crawler_accumulated_position" VALUES(320058,'五粮液',37.71,7,1);
INSERT INTO "crawler_accumulated_position" VALUES(320059,'300ETF',3.81,1,1);
INSERT INTO "crawler_accumulated_position" VALUES(320060,'浦发银行',3.46600000000000036943e+01,5,1);
INSERT INTO "crawler_accumulated_position" VALUES(320061,'东方雨虹',23.86,3,1);
INSERT INTO "crawler_accumulated_position" VALUES(320062,'恒生ETF',43.7,3,1);
INSERT INTO "crawler_accumulated_position" VALUES(320063,'长城汽车',27.62,3,1);
INSERT INTO "crawler_accumulated_position" VALUES(320064,'泸州老窖',1.34980000000000018185e+02,3,1);
INSERT INTO "crawler_accumulated_position" VALUES(320065,'万华化学',31.46,1,1);
INSERT INTO "crawler_accumulated_position" VALUES(320066,'银行B',137.46,3,1);
INSERT INTO "crawler_accumulated_position" VALUES(320067,'工商银行',12.66,2,1);
INSERT INTO "crawler_accumulated_position" VALUES(320068,'农业银行',113.11,4,1);
INSERT INTO "crawler_accumulated_position" VALUES(320069,'比亚迪',0.93,1,1);
INSERT INTO "crawler_accumulated_position" VALUES(320070,'宇通客车',6.1,2,1);
INSERT INTO "crawler_accumulated_position" VALUES(320071,'小天鹅A',8.13,1,1);
INSERT INTO "crawler_accumulated_position" VALUES(320072,'建设银行',5.28499999999999943173e+01,4,1);
INSERT INTO "crawler_accumulated_position" VALUES(320073,'华懋科技',10.64,2,1);
INSERT INTO "crawler_accumulated_position" VALUES(320074,'索菲亚',0.97,1,1);
INSERT INTO "crawler_accumulated_position" VALUES(320075,'伟星新材',0.99,1,1);
INSERT INTO "crawler_accumulated_position" VALUES(320076,'沪深300B',4.33,1,1);
INSERT INTO "crawler_accumulated_position" VALUES(320077,'海信电器',5.04,1,1);
INSERT INTO "crawler_accumulated_position" VALUES(320078,'世联行',4.37,1,1);
INSERT INTO "crawler_accumulated_position" VALUES(320079,'上海机场',15.27,2,1);
INSERT INTO "crawler_accumulated_position" VALUES(320080,'上海医药',5.3,1,1);
INSERT INTO "crawler_accumulated_position" VALUES(320081,'苏宁云商',8.91,1,1);
INSERT INTO "crawler_accumulated_position" VALUES(320082,'新奥股份',15.65,1,1);
INSERT INTO "crawler_accumulated_position" VALUES(320083,'招商蛇口',4.89,1,1);
INSERT INTO "crawler_accumulated_position" VALUES(320084,'鲁泰A',23.85,1,1);
INSERT INTO "crawler_accumulated_position" VALUES(320085,'上海家化',80.32,5,1);
INSERT INTO "crawler_accumulated_position" VALUES(320086,'海康威视',5.42300000000000039781e+01,3,1);
INSERT INTO "crawler_accumulated_position" VALUES(320087,'云南白药',4.25,1,1);
INSERT INTO "crawler_accumulated_position" VALUES(320088,'顺丰控股',1.43,1,1);
INSERT INTO "crawler_accumulated_position" VALUES(320089,'申通快递',10.39,1,1);
INSERT INTO "crawler_accumulated_position" VALUES(320090,'韵达股份',9.66,1,1);
INSERT INTO "crawler_accumulated_position" VALUES(320091,'三全食品',1.75,2,1);
INSERT INTO "crawler_accumulated_position" VALUES(320092,'分众传媒',4.73,1,1);
INSERT INTO "crawler_accumulated_position" VALUES(320093,'洽洽食品',0.83,1,1);
INSERT INTO "crawler_accumulated_position" VALUES(320094,'圆通速递',9.78,1,1);
INSERT INTO "crawler_accumulated_position" VALUES(320095,'中炬高新',2.26,1,1);
INSERT INTO "crawler_accumulated_position" VALUES(320096,'锡业股份',9.97,1,1);
INSERT INTO "crawler_accumulated_position" VALUES(320097,'恒顺醋业',18.84,2,1);
INSERT INTO "crawler_accumulated_position" VALUES(320098,'老板电器',1.25300000000000011368e+01,2,1);
INSERT INTO "crawler_accumulated_position" VALUES(320099,'清新环境',7.89,2,1);
INSERT INTO "crawler_accumulated_position" VALUES(320100,'尔康制药',1.86899999999999977262e+01,2,1);
INSERT INTO "crawler_accumulated_position" VALUES(320101,'亨通光电',4.02399999999999948832e+01,2,1);
INSERT INTO "crawler_accumulated_position" VALUES(320102,'碧水源',21.07,2,1);
INSERT INTO "crawler_accumulated_position" VALUES(320103,'科伦药业',13.95,3,1);
INSERT INTO "crawler_accumulated_position" VALUES(320104,'海正药业',0.94,1,1);
INSERT INTO "crawler_accumulated_position" VALUES(320105,'恒瑞医药',0.93,1,1);
INSERT INTO "crawler_accumulated_position" VALUES(320106,'华润双鹤',15.07,1,1);
INSERT INTO "crawler_accumulated_position" VALUES(320107,'华侨城A',22.8,2,1);
INSERT INTO "crawler_accumulated_position" VALUES(320108,'金螳螂',122.05,3,1);
INSERT INTO "crawler_accumulated_position" VALUES(320109,'天龙光电',28.47,2,1);
INSERT INTO "crawler_accumulated_position" VALUES(320110,'*ST南化',20.83,1,1);
INSERT INTO "crawler_accumulated_position" VALUES(320111,'*ST商城',30.78,2,1);
INSERT INTO "crawler_accumulated_position" VALUES(320112,'*ST皇台',2.97400000000000019895e+01,2,1);
INSERT INTO "crawler_accumulated_position" VALUES(320113,'ST亚太',29.33,2,1);
INSERT INTO "crawler_accumulated_position" VALUES(320114,'沃施股份',9.87,1,1);
INSERT INTO "crawler_accumulated_position" VALUES(320115,'*ST天首',11.07,1,1);
INSERT INTO "crawler_accumulated_position" VALUES(320116,'*ST宏盛',10.23,1,1);
INSERT INTO "crawler_accumulated_position" VALUES(320117,'同大股份',9.96,1,1);
INSERT INTO "crawler_accumulated_position" VALUES(320118,'柳化股份',10.08,1,1);
INSERT INTO "crawler_accumulated_position" VALUES(320119,'宁波富邦',9.57,1,1);
INSERT INTO "crawler_accumulated_position" VALUES(320120,'中概互联',11.03,1,1);
INSERT INTO "crawler_accumulated_position" VALUES(320121,'鹏华前海',9,1,1);
INSERT INTO "crawler_accumulated_position" VALUES(320122,'标普500',10.51,1,1);
INSERT INTO "crawler_accumulated_position" VALUES(320123,'易基岁丰',9.4,1,1);
INSERT INTO "crawler_accumulated_position" VALUES(320124,'纳指ETF',10.31,1,1);
INSERT INTO "crawler_accumulated_position" VALUES(320125,'香港中小',31.09,2,1);
INSERT INTO "crawler_accumulated_position" VALUES(320126,'黄金ETF',19.33,2,1);
INSERT INTO "crawler_accumulated_position" VALUES(320127,'广发聚利',9.27,1,1);
INSERT INTO "crawler_accumulated_position" VALUES(320128,'德国30',5.19,1,1);
INSERT INTO "crawler_accumulated_position" VALUES(320129,'红利基金',17.08,1,1);
INSERT INTO "crawler_accumulated_position" VALUES(320130,'康达新材',10.11,1,1);
INSERT INTO "crawler_accumulated_position" VALUES(320131,'航民股份',1.04,1,1);
INSERT INTO "crawler_accumulated_position" VALUES(320132,'东方国信',3.95,1,1);
INSERT INTO "crawler_accumulated_position" VALUES(320133,'好当家',9.67,1,1);
INSERT INTO "crawler_accumulated_position" VALUES(320134,'郴电国际',9.57,1,1);
INSERT INTO "crawler_accumulated_position" VALUES(320135,'四方达',10.07,1,1);
INSERT INTO "crawler_accumulated_position" VALUES(320136,'惠天热电',9.92,1,1);
INSERT INTO "crawler_accumulated_position" VALUES(320137,'江西长运',9.81,1,1);
INSERT INTO "crawler_accumulated_position" VALUES(320138,'龙建股份',10.32,1,1);
INSERT INTO "crawler_accumulated_position" VALUES(320139,'大连圣亚',10.15,1,1);
INSERT INTO "crawler_accumulated_position" VALUES(320140,'南天信息',10.21,1,1);
INSERT INTO "crawler_accumulated_position" VALUES(320141,'瑞丰光电',9.98,1,1);
INSERT INTO "crawler_accumulated_position" VALUES(320142,'易成新能',10.3,1,1);
INSERT INTO "crawler_accumulated_position" VALUES(320143,'四川路桥',14.95,2,1);
INSERT INTO "crawler_accumulated_position" VALUES(320144,'中国重汽',5.03,1,1);
INSERT INTO "crawler_accumulated_position" VALUES(320145,'新城控股',62.72,2,1);
INSERT INTO "crawler_accumulated_position" VALUES(320146,'康得新',17.97,2,1);
INSERT INTO "crawler_accumulated_position" VALUES(320147,'国海证券',2.86,1,1);
INSERT INTO "crawler_accumulated_position" VALUES(320148,'*ST神火',33.43,1,1);
INSERT INTO "crawler_accumulated_position" VALUES(320149,'山东高速',46.89,1,1);
INSERT INTO "crawler_accumulated_position" VALUES(320150,'鄂尔多斯',9.94,1,1);
INSERT INTO "crawler_accumulated_position" VALUES(320151,'银行股B',20.89,2,1);
INSERT INTO "crawler_accumulated_position" VALUES(320152,'大华股份',7.34,1,1);
INSERT INTO "crawler_accumulated_position" VALUES(320153,'歌尔股份',5.24,1,1);
INSERT INTO "crawler_accumulated_position" VALUES(320154,'网宿科技',2.45999999999999978688e+01,2,1);
INSERT INTO "crawler_accumulated_position" VALUES(320155,'百润股份',4.02,1,1);
INSERT INTO "crawler_accumulated_position" VALUES(320156,'三聚环保',9.31,1,1);
INSERT INTO "crawler_accumulated_position" VALUES(320157,'天神娱乐',3.89,1,1);
INSERT INTO "crawler_accumulated_position" VALUES(320158,'蓝色光标',6.03,1,1);
INSERT INTO "crawler_accumulated_position" VALUES(320159,'中青旅',0.78,1,1);
INSERT INTO "crawler_accumulated_position" VALUES(320160,'永辉超市',0.94,1,1);
INSERT INTO "crawler_accumulated_position" VALUES(320161,'海天味业',0.77,1,1);
INSERT INTO "crawler_accumulated_position" VALUES(320162,'好想你',0.7,1,1);
INSERT INTO "crawler_accumulated_position" VALUES(320163,'汤臣倍健',0.48,1,1);
INSERT INTO "crawler_accumulated_position" VALUES(320164,'创业B',19.81,1,1);
INSERT INTO "crawler_accumulated_position" VALUES(320165,'民盛金科',23.69,1,1);
INSERT INTO "crawler_accumulated_position" VALUES(320166,'葛洲坝',5.07,1,1);
INSERT INTO "crawler_accumulated_position" VALUES(320167,'劲胜精密',26.54,1,1);
INSERT INTO "crawler_accumulated_position" VALUES(320168,'黑芝麻',2.6,1,1);
INSERT INTO "crawler_accumulated_position" VALUES(320169,'安洁科技',1.05,1,1);
INSERT INTO "crawler_accumulated_position" VALUES(320170,'康普顿',10.95,1,1);
INSERT INTO "crawler_accumulated_position" VALUES(320171,'博汇纸业',34.32,1,1);
INSERT INTO "crawler_accumulated_position" VALUES(320172,'ST成城',16.28,1,1);
INSERT INTO "crawler_accumulated_position" VALUES(320173,'ST明科',25.44,1,1);
INSERT INTO "crawler_accumulated_position" VALUES(320174,'金龙汽车',4.83,1,1);
INSERT INTO "crawler_accumulated_position" VALUES(320175,'汇川技术',4.97,1,1);
INSERT INTO "crawler_accumulated_position" VALUES(320176,'国统股份',14.78,1,1);
INSERT INTO "crawler_accumulated_position" VALUES(320177,'中文传媒',40.33,1,1);
INSERT INTO "crawler_accumulated_position" VALUES(320178,'沧州明珠',38.22,1,1);
INSERT INTO "crawler_accumulated_position" VALUES(320179,'精锻科技',15.65,1,1);
INSERT INTO "crawler_accumulated_position" VALUES(320180,'万家强债',4.97,1,1);
INSERT INTO "crawler_accumulated_position" VALUES(320181,'军工A',3.65,1,1);
INSERT INTO "crawler_accumulated_position" VALUES(320182,'工业4A',3.74,1,1);
INSERT INTO "crawler_accumulated_position" VALUES(320183,'电子A',3.4,1,1);
INSERT INTO "crawler_accumulated_position" VALUES(320184,'互联网A',13.16,1,1);
INSERT INTO "crawler_accumulated_position" VALUES(320185,'国企改A',12.46,1,1);
INSERT INTO "crawler_accumulated_position" VALUES(320186,'高铁A',13.25,1,1);
INSERT INTO "crawler_accumulated_position" VALUES(320187,'券商A级',2.9,1,1);
INSERT INTO "crawler_accumulated_position" VALUES(320188,'创业板A',11.21,1,1);
INSERT INTO "crawler_accumulated_position" VALUES(320189,'宁沪高速',10,1,1);
INSERT INTO "crawler_accumulated_position" VALUES(320190,'双汇发展',31.06,2,1);
INSERT INTO "crawler_accumulated_position" VALUES(320191,'传媒A级',23.84,1,1);
INSERT INTO "crawler_accumulated_position" VALUES(320192,'华仪电气',10.69,1,1);
INSERT INTO "crawler_accumulated_position" VALUES(320193,'威孚高科',10.24,1,1);
INSERT INTO "crawler_accumulated_position" VALUES(320194,'万里股份',4.6,1,1);
INSERT INTO "crawler_accumulated_position" VALUES(320195,'广汇汽车',9.3,1,1);
INSERT INTO "crawler_accumulated_position" VALUES(320196,'浪潮信息',9.94,1,1);
INSERT INTO "crawler_accumulated_position" VALUES(320197,'南京银行',12.58,1,1);
INSERT INTO "crawler_accumulated_position" VALUES(320198,'众信旅游',0.46,1,1);
INSERT INTO "crawler_accumulated_position" VALUES(320199,'国泰君安',6.93,1,1);
INSERT INTO "crawler_accumulated_position" VALUES(320200,'房地产B',1.89,1,1);
INSERT INTO "crawler_accumulated_position" VALUES(320201,'中国中车',2,1,1);
INSERT INTO "crawler_accumulated_position" VALUES(320202,'*ST钒钛',115.63,2,13);
INSERT INTO "crawler_accumulated_position" VALUES(320203,'生益科技',2.18,1,13);
INSERT INTO "crawler_accumulated_position" VALUES(320204,'中国建筑',16.02,2,13);
INSERT INTO "crawler_accumulated_position" VALUES(320205,'中联重科',5.92,2,13);
INSERT INTO "crawler_accumulated_position" VALUES(320206,'永辉超市',1.03,1,13);
INSERT INTO "crawler_accumulated_position" VALUES(320207,'中国平安',4.3010000000000005115e+01,5,13);
INSERT INTO "crawler_accumulated_position" VALUES(320208,'金风科技',9.05,2,13);
INSERT INTO "crawler_accumulated_position" VALUES(320209,'上海机场',34.28,3,13);
INSERT INTO "crawler_accumulated_position" VALUES(320210,'上海家化',4.48,1,13);
INSERT INTO "crawler_accumulated_position" VALUES(320211,'上海医药',4.21299999999999954516e+01,5,13);
INSERT INTO "crawler_accumulated_position" VALUES(320212,'京东方A',6.18,1,13);
INSERT INTO "crawler_accumulated_position" VALUES(320213,'滨江集团',1.73,1,13);
INSERT INTO "crawler_accumulated_position" VALUES(320214,'海亮股份',5.05,1,13);
INSERT INTO "crawler_accumulated_position" VALUES(320215,'国投电力',1.2309999999999998721e+01,2,13);
INSERT INTO "crawler_accumulated_position" VALUES(320216,'苏宁云商',50.11,4,13);
INSERT INTO "crawler_accumulated_position" VALUES(320217,'复星医药',13.87,2,13);
INSERT INTO "crawler_accumulated_position" VALUES(320218,'新奥股份',4.8230000000000003979e+01,5,13);
INSERT INTO "crawler_accumulated_position" VALUES(320219,'兴业银行',7.10999999999999943156e+00,2,13);
INSERT INTO "crawler_accumulated_position" VALUES(320220,'长安汽车',2.09900000000000019895e+01,3,13);
INSERT INTO "crawler_accumulated_position" VALUES(320221,'鲁泰A',36.86,3,13);
INSERT INTO "crawler_accumulated_position" VALUES(320222,'青岛海尔',131.18,7,13);
INSERT INTO "crawler_accumulated_position" VALUES(320223,'宝钢股份',21.25,1,13);
INSERT INTO "crawler_accumulated_position" VALUES(320224,'三一重工',16.97,1,13);
INSERT INTO "crawler_accumulated_position" VALUES(320225,'海螺水泥',33.67,2,13);
INSERT INTO "crawler_accumulated_position" VALUES(320226,'铁龙物流',23.72,1,13);
INSERT INTO "crawler_accumulated_position" VALUES(320227,'北京控股',4.4,1,13);
INSERT INTO "crawler_accumulated_position" VALUES(320228,'新世界百货中国',4.61,1,13);
INSERT INTO "crawler_accumulated_position" VALUES(320229,'建溢集团',6.01,1,13);
INSERT INTO "crawler_accumulated_position" VALUES(320230,'中石化冠德',4.83,1,13);
INSERT INTO "crawler_accumulated_position" VALUES(320231,'创维数码',4.49,1,13);
INSERT INTO "crawler_accumulated_position" VALUES(320232,'中国南方航空股份',5.45,1,13);
INSERT INTO "crawler_accumulated_position" VALUES(320233,'华能国际电力股份',4.74,1,13);
INSERT INTO "crawler_accumulated_position" VALUES(320234,'东风集团股份',4.43,1,13);
INSERT INTO "crawler_accumulated_position" VALUES(320235,'中国奥园',5.51,1,13);
INSERT INTO "crawler_accumulated_position" VALUES(320236,'阳光纸业',5.11,1,13);
INSERT INTO "crawler_accumulated_position" VALUES(320237,'长寿花食品',5.07,1,13);
INSERT INTO "crawler_accumulated_position" VALUES(320238,'中广核电力',3.96,1,13);
INSERT INTO "crawler_accumulated_position" VALUES(320239,'唐宫中国',3.87,1,13);
INSERT INTO "crawler_accumulated_position" VALUES(320240,'新天绿色能源',5.8,1,13);
INSERT INTO "crawler_accumulated_position" VALUES(320241,'珠江钢管',6.08,1,13);
INSERT INTO "crawler_accumulated_position" VALUES(320242,'福莱特玻璃',7.1,1,13);
INSERT INTO "crawler_accumulated_position" VALUES(320243,'朗生医药',7.72,1,13);
INSERT INTO "crawler_accumulated_position" VALUES(320244,'利福中国',4.99,1,13);
INSERT INTO "crawler_accumulated_position" VALUES(320245,'绿城中国',10.17,2,13);
INSERT INTO "crawler_accumulated_position" VALUES(320246,'碧桂园',11.71,1,13);
INSERT INTO "crawler_accumulated_position" VALUES(320247,'SOHO中国',5.91,1,13);
INSERT INTO "crawler_accumulated_position" VALUES(320248,'万科企业',15.32,1,13);
INSERT INTO "crawler_accumulated_position" VALUES(320249,'富力地产',8.13,1,13);
INSERT INTO "crawler_accumulated_position" VALUES(320250,'融创中国',7.38,1,13);
INSERT INTO "crawler_accumulated_position" VALUES(320251,'华润置地',10.23,1,13);
INSERT INTO "crawler_accumulated_position" VALUES(320252,'中国恒大',15.19,2,13);
INSERT INTO "crawler_accumulated_position" VALUES(320253,'合生创展集团',4.3,1,13);
INSERT INTO "crawler_accumulated_position" VALUES(320254,'雅居乐集团',8.78,1,13);
INSERT INTO "crawler_accumulated_position" VALUES(320255,'中国海外发展',13.22,1,13);
INSERT INTO "crawler_accumulated_position" VALUES(320256,'沪深300B',4.33,1,13);
INSERT INTO "crawler_accumulated_position" VALUES(320257,'海信电器',11.05,2,13);
INSERT INTO "crawler_accumulated_position" VALUES(320258,'世联行',4.36,1,13);
INSERT INTO "crawler_accumulated_position" VALUES(320259,'招商蛇口',19.18,2,13);
INSERT INTO "crawler_accumulated_position" VALUES(320260,'五粮液',16.28,2,13);
INSERT INTO "crawler_accumulated_position" VALUES(320261,'华泰证券',76.42,4,13);
INSERT INTO "crawler_accumulated_position" VALUES(320262,'海油工程',51.93,1,13);
INSERT INTO "crawler_accumulated_position" VALUES(320263,'中信证券',3.0869999999999997442e+01,3,13);
INSERT INTO "crawler_accumulated_position" VALUES(320264,'江西铜业',1.01,1,13);
INSERT INTO "crawler_accumulated_position" VALUES(320265,'上海石化',0.88,1,13);
INSERT INTO "crawler_accumulated_position" VALUES(320266,'中国神华',2.31600000000000036956e+01,3,13);
INSERT INTO "crawler_accumulated_position" VALUES(320267,'招商银行',7.19999999999999928945e+00,2,13);
INSERT INTO "crawler_accumulated_position" VALUES(320268,'扬农化工',3.17,1,13);
INSERT INTO "crawler_accumulated_position" VALUES(320269,'浦发银行',10.84,2,13);
INSERT INTO "crawler_accumulated_position" VALUES(320270,'威孚高科',66.88,4,13);
INSERT INTO "crawler_accumulated_position" VALUES(320271,'上汽集团',2.7740000000000001989e+01,3,13);
INSERT INTO "crawler_accumulated_position" VALUES(320272,'新华保险',3.62,1,13);
INSERT INTO "crawler_accumulated_position" VALUES(320273,'丽江旅游',6.34,1,13);
INSERT INTO "crawler_accumulated_position" VALUES(320274,'泸州老窖',4.86,1,13);
INSERT INTO "crawler_accumulated_position" VALUES(320275,'大秦铁路',17.88,2,13);
INSERT INTO "crawler_accumulated_position" VALUES(320276,'美的集团',4.71,1,13);
INSERT INTO "crawler_accumulated_position" VALUES(320277,'张裕A',3.49,1,13);
INSERT INTO "crawler_accumulated_position" VALUES(320278,'伊利股份',10.09,3,13);
INSERT INTO "crawler_accumulated_position" VALUES(320279,'川投能源',1.84900000000000019895e+01,2,13);
INSERT INTO "crawler_accumulated_position" VALUES(320280,'贵州茅台',6.3,1,13);
INSERT INTO "crawler_accumulated_position" VALUES(320281,'福耀玻璃',9.57,1,13);
INSERT INTO "crawler_accumulated_position" VALUES(320282,'克明面业',4.48,1,13);
INSERT INTO "crawler_accumulated_position" VALUES(320283,'安琪酵母',5.48,1,13);
INSERT INTO "crawler_accumulated_position" VALUES(320284,'长江电力',4.46,1,13);
INSERT INTO "crawler_accumulated_position" VALUES(320285,'小天鹅A',5.33,1,13);
INSERT INTO "crawler_accumulated_position" VALUES(320286,'苏泊尔',5.08,1,13);
INSERT INTO "crawler_accumulated_position" VALUES(320287,'恒瑞医药',15.1,1,13);
INSERT INTO "crawler_accumulated_position" VALUES(320288,'潍柴动力',14.55,2,13);
INSERT INTO "crawler_accumulated_position" VALUES(320289,'中航资本',2.83,1,13);
INSERT INTO "crawler_accumulated_position" VALUES(320290,'云南白药',5.73,1,13);
INSERT INTO "crawler_accumulated_position" VALUES(320291,'隆鑫通用',2.08,1,13);
INSERT INTO "crawler_accumulated_position" VALUES(320292,'人福医药',4.75,1,13);
INSERT INTO "crawler_accumulated_position" VALUES(320293,'歌尔股份',4.79,1,13);
INSERT INTO "crawler_accumulated_position" VALUES(320294,'特变电工',9.71,2,13);
INSERT INTO "crawler_accumulated_position" VALUES(320295,'利源精制',4.09,1,13);
INSERT INTO "crawler_accumulated_position" VALUES(320296,'骆驼股份',49.4,2,13);
INSERT INTO "crawler_accumulated_position" VALUES(320297,'宁波华翔',2.31,1,13);
INSERT INTO "crawler_accumulated_position" VALUES(320298,'上港集团',5.38,1,13);
INSERT INTO "crawler_accumulated_position" VALUES(320299,'大商股份',5.4,1,13);
INSERT INTO "crawler_accumulated_position" VALUES(320300,'格力电器',29.06,2,13);
INSERT INTO "crawler_accumulated_position" VALUES(320301,'国元证券',4.96,1,13);
INSERT INTO "crawler_accumulated_position" VALUES(320302,'海通证券',5.27,1,13);
INSERT INTO "crawler_accumulated_position" VALUES(320303,'燕京啤酒',7.38,1,13);
INSERT INTO "crawler_accumulated_position" VALUES(320304,'中信银行',1.27800000000000011366e+01,2,13);
INSERT INTO "crawler_accumulated_position" VALUES(320305,'双汇发展',10.85,2,13);
INSERT INTO "crawler_accumulated_position" VALUES(320306,'武汉控股',5.44,1,13);
INSERT INTO "crawler_accumulated_position" VALUES(320307,'中航军B',26.58,1,13);
INSERT INTO "crawler_accumulated_position" VALUES(320308,'H股B',18.19,1,13);
INSERT INTO "crawler_accumulated_position" VALUES(320309,'恒生H股',15.37,1,13);
INSERT INTO "crawler_accumulated_position" VALUES(320310,'H股ETF',20.8,1,13);
INSERT INTO "crawler_accumulated_position" VALUES(320311,'新和成',5.51,1,13);
INSERT INTO "crawler_accumulated_position" VALUES(320312,'华意压缩',10.27,1,13);
INSERT INTO "crawler_accumulated_position" VALUES(320313,'凤凰股份',14.79,1,13);
INSERT INTO "crawler_accumulated_position" VALUES(320314,'电子城',9.8,1,13);
INSERT INTO "crawler_accumulated_position" VALUES(320315,'厦门钨业',9.72,1,13);
INSERT INTO "crawler_accumulated_position" VALUES(320316,'中海油服',6.53,1,13);
INSERT INTO "crawler_accumulated_position" VALUES(320317,'保利地产',18.33,1,13);
INSERT INTO "crawler_accumulated_position" VALUES(320318,'中国生物制药',18,1,13);
INSERT INTO "crawler_accumulated_position" VALUES(320319,'长城汽车',1.5059999999999998721e+01,2,13);
INSERT INTO "crawler_accumulated_position" VALUES(320320,'农业银行',3.31,1,13);
INSERT INTO "crawler_accumulated_position" VALUES(320321,'海尔电器',2.42,1,13);
INSERT INTO "crawler_accumulated_position" VALUES(320322,'中信股份',3.79,1,13);
INSERT INTO "crawler_accumulated_position" VALUES(320323,'重庆农村商业银行',3.38,1,13);
INSERT INTO "crawler_accumulated_position" VALUES(320324,'中海油田服务',3.28,1,13);
INSERT INTO "crawler_accumulated_position" VALUES(320325,'广汽集团',7.49,1,13);
INSERT INTO "crawler_accumulated_position" VALUES(320326,'中国中车',7.66,1,13);
INSERT INTO "crawler_accumulated_position" VALUES(320327,'国美电器',0.96,1,13);
INSERT INTO "crawler_accumulated_position" VALUES(320328,'比亚迪股份',7.62,1,13);
INSERT INTO "crawler_accumulated_position" VALUES(320329,'欢聚时代',3.28,1,13);
INSERT INTO "crawler_accumulated_position" VALUES(320330,'人人',3.15,1,13);
INSERT INTO "crawler_accumulated_position" VALUES(320331,'陌陌',5.08,1,13);
INSERT INTO "crawler_accumulated_position" VALUES(320332,'京东',16.87,1,13);
INSERT INTO "crawler_accumulated_position" VALUES(320333,'百度',34.18,1,13);
INSERT INTO "crawler_accumulated_position" VALUES(320334,'特斯拉',4.79,1,13);
INSERT INTO "crawler_accumulated_position" VALUES(320335,'阿里巴巴',11.07,1,13);
INSERT INTO "crawler_accumulated_position" VALUES(320336,'网易',8.5,1,13);
INSERT INTO "crawler_accumulated_position" VALUES(320337,'证券B',18.57,1,13);
INSERT INTO "crawler_accumulated_position" VALUES(320338,'深成指B',18.54,1,13);
INSERT INTO "crawler_accumulated_position" VALUES(320339,'康得新',10.09,1,6);
INSERT INTO "crawler_accumulated_position" VALUES(320340,'亨通光电',6.0510000000000005115e+01,3,6);
INSERT INTO "crawler_accumulated_position" VALUES(320341,'东方雨虹',2.43100000000000022733e+01,2,6);
INSERT INTO "crawler_accumulated_position" VALUES(320342,'东方园林',4.96,1,6);
INSERT INTO "crawler_accumulated_position" VALUES(320343,'伟星新材',21.57,2,6);
INSERT INTO "crawler_accumulated_position" VALUES(320344,'长盈精密',4.93,1,6);
INSERT INTO "crawler_accumulated_position" VALUES(320345,'西昌电力',100,1,6);
INSERT INTO "crawler_accumulated_position" VALUES(320346,'海康威视',10.31,1,6);
INSERT INTO "crawler_accumulated_position" VALUES(320347,'贵州茅台',56.32,2,6);
INSERT INTO "crawler_accumulated_position" VALUES(320348,'美的集团',9.89,1,6);
INSERT INTO "crawler_accumulated_position" VALUES(320349,'科大讯飞',10.24,1,6);
INSERT INTO "crawler_accumulated_position" VALUES(320350,'东阿阿胶',25.08,3,6);
INSERT INTO "crawler_accumulated_position" VALUES(320351,'福耀玻璃',10.38,1,6);
INSERT INTO "crawler_accumulated_position" VALUES(320352,'中国神华',10.93,1,6);
INSERT INTO "crawler_accumulated_position" VALUES(320353,'中国平安',9.8,1,6);
INSERT INTO "crawler_accumulated_position" VALUES(320354,'上汽集团',9.79,1,6);
INSERT INTO "crawler_accumulated_position" VALUES(320355,'网宿科技',8.95,1,6);
INSERT INTO "crawler_accumulated_position" VALUES(320356,'300ETF',15.06,2,6);
INSERT INTO "crawler_accumulated_position" VALUES(320357,'50ETF',4.97,1,6);
INSERT INTO "crawler_accumulated_position" VALUES(320358,'红利ETF',5.09,1,6);
INSERT INTO "crawler_accumulated_position" VALUES(320359,'治理ETF',4.91,1,6);
INSERT INTO "crawler_accumulated_position" VALUES(320360,'证券ETF',9.71,1,6);
INSERT INTO "crawler_accumulated_position" VALUES(320361,'央企ETF',5.01,1,6);
INSERT INTO "crawler_accumulated_position" VALUES(320362,'H股B',22.77,1,6);
INSERT INTO "crawler_accumulated_position" VALUES(320363,'金融ETF',4.78,1,6);
INSERT INTO "crawler_accumulated_position" VALUES(320364,'掌趣科技',5.85,1,6);
INSERT INTO "crawler_accumulated_position" VALUES(320365,'大华股份',24.79,1,6);
INSERT INTO "crawler_accumulated_position" VALUES(320366,'中兴通讯',18.37,1,6);
INSERT INTO "crawler_accumulated_position" VALUES(320367,'银华日利',110.39,2,6);
INSERT INTO "crawler_accumulated_position" VALUES(320368,'万家强债',4.98,1,6);
INSERT INTO "crawler_accumulated_position" VALUES(320369,'恒生ETF',4.96,1,6);
INSERT INTO "crawler_accumulated_position" VALUES(320370,'华宝油气',13.61,1,6);
INSERT INTO "crawler_accumulated_position" VALUES(320371,'50AH',19.98,1,6);
INSERT INTO "crawler_accumulated_position" VALUES(320372,'消费ETF',15.89,1,6);
INSERT INTO "crawler_accumulated_position" VALUES(320373,'H股ETF',20.02,1,6);
INSERT INTO "crawler_accumulated_position" VALUES(320374,'老板电器',9.38,1,6);
INSERT INTO "crawler_accumulated_position" VALUES(320375,'清新环境',1.05,1,6);
INSERT INTO "crawler_accumulated_position" VALUES(320376,'上海家化',3.25,1,6);
INSERT INTO "crawler_accumulated_position" VALUES(320377,'尔康制药',9.02,1,6);
INSERT INTO "crawler_accumulated_position" VALUES(320378,'恒顺醋业',8.94,1,6);
INSERT INTO "crawler_accumulated_position" VALUES(320379,'碧水源',14.49,1,6);
INSERT INTO "crawler_accumulated_position" VALUES(320380,'五粮液',4.05,1,6);
INSERT INTO "crawler_accumulated_position" VALUES(320381,'科伦药业',4.65,1,6);
INSERT INTO "crawler_accumulated_position" VALUES(320382,'新华医疗',15.02,1,6);
INSERT INTO "crawler_accumulated_position" VALUES(320383,'东方电气',1.03,1,6);
INSERT INTO "crawler_accumulated_position" VALUES(320384,'华菱星马',6.01,1,6);
INSERT INTO "crawler_accumulated_position" VALUES(320385,'昆药集团',7.93,1,6);
INSERT INTO "crawler_accumulated_position" VALUES(320386,'盐湖股份',1.81,1,6);
INSERT INTO "crawler_accumulated_position" VALUES(320387,'海正药业',3,1,6);
INSERT INTO "crawler_accumulated_position" VALUES(320388,'招商地产',8.43,1,6);
INSERT INTO "crawler_accumulated_position" VALUES(320389,'华北制药',6.16,1,6);
INSERT INTO "crawler_accumulated_position" VALUES(320390,'京新药业',3.02,1,6);
INSERT INTO "crawler_accumulated_position" VALUES(320391,'白云山',6.71,1,6);
INSERT INTO "crawler_accumulated_position" VALUES(320392,'古越龙山',9.54,1,6);
INSERT INTO "crawler_accumulated_position" VALUES(320393,'万东医疗',5.09,1,6);
INSERT INTO "crawler_accumulated_position" VALUES(320394,'千金药业',1.01,1,6);
INSERT INTO "crawler_accumulated_position" VALUES(320395,'顺鑫农业',20.94,1,6);
INSERT INTO "crawler_accumulated_position" VALUES(320396,'信立泰',1.66,1,6);
INSERT INTO "crawler_accumulated_position" VALUES(320397,'招商银行',9.77,1,6);
INSERT INTO "crawler_accumulated_position" VALUES(320398,'民生银行',11.58,1,6);
INSERT INTO "crawler_accumulated_position" VALUES(320399,'洋河股份',4.22,1,6);
INSERT INTO "crawler_accumulated_position" VALUES(320400,'国投电力',25.15,1,6);
INSERT INTO "crawler_accumulated_position" VALUES(320401,'双汇发展',0.93,1,6);
INSERT INTO "crawler_accumulated_position" VALUES(320402,'胜狮货柜',6.2,1,2);
INSERT INTO "crawler_accumulated_position" VALUES(320403,'北京控股',9.43,2,2);
INSERT INTO "crawler_accumulated_position" VALUES(320404,'中石化冠德',4.06,1,2);
INSERT INTO "crawler_accumulated_position" VALUES(320405,'绿城中国',8.55,1,2);
INSERT INTO "crawler_accumulated_position" VALUES(320406,'合丰集团',3.07,1,2);
INSERT INTO "crawler_accumulated_position" VALUES(320407,'宝业集团',2.88,1,2);
INSERT INTO "crawler_accumulated_position" VALUES(320408,'兖州煤业股份',4.53,1,2);
INSERT INTO "crawler_accumulated_position" VALUES(320409,'中国南方航空股份',29.89,3,2);
INSERT INTO "crawler_accumulated_position" VALUES(320410,'东风集团股份',4.8,1,2);
INSERT INTO "crawler_accumulated_position" VALUES(320411,'复星国际',2.75,1,2);
INSERT INTO "crawler_accumulated_position" VALUES(320412,'阳光纸业',2.66300000000000025579e+01,2,2);
INSERT INTO "crawler_accumulated_position" VALUES(320413,'正业国际',5.06,1,2);
INSERT INTO "crawler_accumulated_position" VALUES(320414,'长寿花食品',3.71,1,2);
INSERT INTO "crawler_accumulated_position" VALUES(320415,'中集集团',2.78,1,2);
INSERT INTO "crawler_accumulated_position" VALUES(320416,'中海油田服务',6.60999999999999943156e+00,2,2);
INSERT INTO "crawler_accumulated_position" VALUES(320417,'京能清洁能源',2.02,1,2);
INSERT INTO "crawler_accumulated_position" VALUES(320418,'亚洲水泥(中国)',2.83,1,2);
INSERT INTO "crawler_accumulated_position" VALUES(320419,'台泥国际集团',6.65,1,2);
INSERT INTO "crawler_accumulated_position" VALUES(320420,'澳博控股',3.98,1,2);
INSERT INTO "crawler_accumulated_position" VALUES(320421,'朗生医药',9.2,2,2);
INSERT INTO "crawler_accumulated_position" VALUES(320422,'房地产B',1.89,1,2);
INSERT INTO "crawler_accumulated_position" VALUES(320423,'中国中车',1.99,1,2);
INSERT INTO "crawler_accumulated_position" VALUES(320424,'深成指B',95.94,1,2);
INSERT INTO "crawler_accumulated_position" VALUES(320425,'奇峰化纤',9.88,1,2);
INSERT INTO "crawler_accumulated_position" VALUES(320426,'合富辉煌',40.95,1,2);
INSERT INTO "crawler_accumulated_position" VALUES(320427,'SOHO中国',10.55,1,2);
INSERT INTO "crawler_accumulated_position" VALUES(320428,'华电福新',2.06,1,2);
INSERT INTO "crawler_accumulated_position" VALUES(320429,'昆仑能源',11.75,2,2);
INSERT INTO "crawler_accumulated_position" VALUES(320430,'怡邦行控股',8.7,1,2);
INSERT INTO "crawler_accumulated_position" VALUES(320431,'中集安瑞科',7.39000000000000056843e+00,2,2);
INSERT INTO "crawler_accumulated_position" VALUES(320432,'永达汽车',11.21,1,2);
INSERT INTO "crawler_accumulated_position" VALUES(320433,'上海医药',3.83,1,2);
INSERT INTO "crawler_accumulated_position" VALUES(320434,'建滔化工',28.97,4,2);
INSERT INTO "crawler_accumulated_position" VALUES(320435,'吉利汽车',12.28,1,2);
INSERT INTO "crawler_accumulated_position" VALUES(320436,'广汽集团',5.11,1,2);
INSERT INTO "crawler_accumulated_position" VALUES(320437,'海通国际',3.59,1,2);
INSERT INTO "crawler_accumulated_position" VALUES(320438,'361度',3.55,1,2);
INSERT INTO "crawler_accumulated_position" VALUES(320439,'唐宫中国',11.53,1,2);
INSERT INTO "crawler_accumulated_position" VALUES(320440,'粤运交通',37.26,2,2);
INSERT INTO "crawler_accumulated_position" VALUES(320441,'长城汽车',13.32,2,2);
INSERT INTO "crawler_accumulated_position" VALUES(320442,'中国三江化工',7.96,1,2);
INSERT INTO "crawler_accumulated_position" VALUES(320443,'兴达国际',16.65,1,2);
INSERT INTO "crawler_accumulated_position" VALUES(320444,'融创中国',20.05,1,2);
INSERT INTO "crawler_accumulated_position" VALUES(320445,'兴业银行',17.16,3,2);
INSERT INTO "crawler_accumulated_position" VALUES(320446,'招商银行',65.72,2,2);
INSERT INTO "crawler_accumulated_position" VALUES(320447,'平安银行',29.45,1,2);
INSERT INTO "crawler_accumulated_position" VALUES(320448,'证券A级',25.06,1,2);
INSERT INTO "crawler_accumulated_position" VALUES(320449,'卫星石化',1.01,1,2);
INSERT INTO "crawler_accumulated_position" VALUES(320450,'上证50A',4.81,1,2);
INSERT INTO "crawler_accumulated_position" VALUES(320451,'上汽集团',1.01,1,2);
INSERT INTO "crawler_accumulated_position" VALUES(320452,'山东黄金',4.05,1,2);
INSERT INTO "crawler_accumulated_position" VALUES(320453,'煤炭A基',14.93,1,2);
INSERT INTO "crawler_accumulated_position" VALUES(320454,'双汇发展',22.64,2,2);
INSERT INTO "crawler_accumulated_position" VALUES(320455,'大洋电机',2.02,1,2);
INSERT INTO "crawler_accumulated_position" VALUES(320456,'上海临港',2.95,1,2);
INSERT INTO "crawler_accumulated_position" VALUES(320457,'国投电力',4.82,2,2);
INSERT INTO "crawler_accumulated_position" VALUES(320458,'深成指A',25.07,1,2);
INSERT INTO "crawler_accumulated_position" VALUES(320459,'富国天锋',14.95,1,2);
INSERT INTO "crawler_accumulated_position" VALUES(320460,'银华日利',35.09,1,2);
INSERT INTO "crawler_accumulated_position" VALUES(320461,'H股A',24.89,1,2);
INSERT INTO "crawler_accumulated_position" VALUES(320462,'信立泰',6.47,1,2);
INSERT INTO "crawler_accumulated_position" VALUES(320463,'康力电梯',0.87,1,2);
INSERT INTO "crawler_accumulated_position" VALUES(320464,'宇通客车',8.15,2,2);
INSERT INTO "crawler_accumulated_position" VALUES(320465,'中国平安',10.34,2,2);
INSERT INTO "crawler_accumulated_position" VALUES(320466,'川投能源',2.56,1,2);
INSERT INTO "crawler_accumulated_position" VALUES(320467,'上海家化',7.29,1,2);
INSERT INTO "crawler_accumulated_position" VALUES(320468,'格力电器',2.53400000000000034114e+01,2,2);
INSERT INTO "crawler_accumulated_position" VALUES(320469,'福耀玻璃',4.73,1,2);
INSERT INTO "crawler_accumulated_position" VALUES(320470,'伊利股份',8.96,1,2);
INSERT INTO "crawler_accumulated_position" VALUES(320471,'长安汽车',7.56000000000000049737e+00,2,2);
INSERT INTO "crawler_accumulated_position" VALUES(320472,'科伦药业',0.93,1,2);
INSERT INTO "crawler_accumulated_position" VALUES(320473,'华东医药',11.28,1,2);
INSERT INTO "crawler_accumulated_position" VALUES(320474,'雅戈尔',4.81,1,2);
INSERT INTO "crawler_accumulated_position" VALUES(320475,'华夏银行',4.92,1,2);
INSERT INTO "crawler_accumulated_position" VALUES(320476,'浦发银行',4.59,1,2);
INSERT INTO "crawler_accumulated_position" VALUES(320477,'工商银行',4.98,1,2);
INSERT INTO "crawler_accumulated_position" VALUES(320478,'农业银行',4.88,1,2);
INSERT INTO "crawler_accumulated_position" VALUES(320479,'建设银行',5.17,1,2);
INSERT INTO "crawler_accumulated_position" VALUES(320480,'建投能源',4.99,1,2);
INSERT INTO "crawler_accumulated_position" VALUES(320481,'牧原股份',5.58,1,2);
INSERT INTO "crawler_accumulated_position" VALUES(320482,'温氏股份',4.6,1,2);
INSERT INTO "crawler_accumulated_position" VALUES(320483,'宁波银行',5.16,1,2);
INSERT INTO "crawler_accumulated_position" VALUES(320484,'贵阳银行',5.03,1,2);
INSERT INTO "crawler_accumulated_position" VALUES(320485,'长源电力',4.54,1,2);
INSERT INTO "crawler_accumulated_position" VALUES(320486,'南京银行',5.06,1,2);
INSERT INTO "crawler_accumulated_position" VALUES(320487,'Aeon信贷',8.29,2,2);
INSERT INTO "crawler_accumulated_position" VALUES(320488,'彩星集团',25.35,3,2);
INSERT INTO "crawler_accumulated_position" VALUES(320489,'联合地产(香港)',15.7,1,2);
INSERT INTO "crawler_accumulated_position" VALUES(320490,'联合集团',22.23,2,2);
INSERT INTO "crawler_accumulated_position" VALUES(320491,'百利保控股',12.26,2,2);
INSERT INTO "crawler_accumulated_position" VALUES(320492,'世纪城市国际',10.18,2,2);
INSERT INTO "crawler_accumulated_position" VALUES(320493,'第一太平',9.08,2,2);
INSERT INTO "crawler_accumulated_position" VALUES(320494,'香港小轮(集团)',7.47,1,2);
INSERT INTO "crawler_accumulated_position" VALUES(320495,'建业实业',1.00080000000000012504e+02,3,2);
INSERT INTO "crawler_accumulated_position" VALUES(320496,'英皇娱乐酒店',46.98,2,2);
INSERT INTO "crawler_accumulated_position" VALUES(320497,'远东发展',38.26,1,2);
INSERT INTO "crawler_accumulated_position" VALUES(320498,'天津发展',24.34,1,2);
INSERT INTO "crawler_accumulated_position" VALUES(320499,'大新金融',4.46,1,2);
INSERT INTO "crawler_accumulated_position" VALUES(320500,'国泰航空',4.62,1,2);
INSERT INTO "crawler_accumulated_position" VALUES(320501,'合景泰富',5.41,1,2);
INSERT INTO "crawler_accumulated_position" VALUES(320502,'中远海运港口',4.69,1,2);
INSERT INTO "crawler_accumulated_position" VALUES(320503,'世茂房地产',5.2,1,2);
INSERT INTO "crawler_accumulated_position" VALUES(320504,'正通汽车',7.78,1,2);
INSERT INTO "crawler_accumulated_position" VALUES(320505,'中国电力',4.48,1,2);
INSERT INTO "crawler_accumulated_position" VALUES(320506,'中远海能',4.78,1,2);
INSERT INTO "crawler_accumulated_position" VALUES(320507,'香港中旅',4.66,1,2);
INSERT INTO "crawler_accumulated_position" VALUES(320508,'港华燃气',4.61,1,2);
INSERT INTO "crawler_accumulated_position" VALUES(320509,'嘉华国际',5.54,1,2);
INSERT INTO "crawler_accumulated_position" VALUES(320510,'四川成渝高速公路',5.14,1,2);
INSERT INTO "crawler_accumulated_position" VALUES(320511,'富力地产',5.32,1,2);
INSERT INTO "crawler_accumulated_position" VALUES(320512,'上海实业控股',4.67,1,2);
INSERT INTO "crawler_accumulated_position" VALUES(320513,'中国光大控股',4.75,1,2);
INSERT INTO "crawler_accumulated_position" VALUES(320514,'重庆农村商业银行',4.87,1,2);
INSERT INTO "crawler_accumulated_position" VALUES(320515,'华南城',4.41,1,2);
INSERT INTO "crawler_accumulated_position" VALUES(320516,'利丰',10.11,1,2);
INSERT INTO "crawler_accumulated_position" VALUES(320517,'山东墨龙',9.22,1,2);
INSERT INTO "crawler_accumulated_position" VALUES(320518,'智美体育',10.76,1,2);
INSERT INTO "crawler_accumulated_position" VALUES(320519,'都市丽人',11.47,1,2);
INSERT INTO "crawler_accumulated_position" VALUES(320520,'大昌行集团',9.53,1,2);
INSERT INTO "crawler_accumulated_position" VALUES(320521,'中石化油服',9.67,1,2);
INSERT INTO "crawler_accumulated_position" VALUES(320522,'雅士利国际',9.54,1,2);
INSERT INTO "crawler_accumulated_position" VALUES(320523,'瑞安房地产',9.91,1,2);
INSERT INTO "crawler_accumulated_position" VALUES(320524,'阿里影业',10.08,1,2);
INSERT INTO "crawler_accumulated_position" VALUES(320525,'中信证券',9.71,1,2);
INSERT INTO "crawler_accumulated_position" VALUES(320526,'金宝通',13.34,1,2);
INSERT INTO "crawler_accumulated_position" VALUES(320527,'联泰控股',20.47,1,2);
INSERT INTO "crawler_accumulated_position" VALUES(320528,'精熙国际',12.33,1,2);
INSERT INTO "crawler_accumulated_position" VALUES(320529,'威高国际',6.22,1,2);
INSERT INTO "crawler_accumulated_position" VALUES(320530,'信佳国际',10.61,1,2);
INSERT INTO "crawler_accumulated_position" VALUES(320531,'庄士中国',4.57,1,2);
INSERT INTO "crawler_accumulated_position" VALUES(320532,'中国海洋石油',3.49,1,2);
INSERT INTO "crawler_accumulated_position" VALUES(320533,'闽信集团',3.78,1,2);
INSERT INTO "crawler_accumulated_position" VALUES(320534,'北京京客隆',2.13,1,2);
INSERT INTO "crawler_accumulated_position" VALUES(320535,'惠记集团',4.16,1,2);
INSERT INTO "crawler_accumulated_position" VALUES(320536,'永泰地产',1.72,1,2);
INSERT INTO "crawler_accumulated_position" VALUES(320537,'金利来集团',0.76,1,2);
INSERT INTO "crawler_accumulated_position" VALUES(320538,'华厦置业',11.26,1,2);
INSERT INTO "crawler_accumulated_position" VALUES(320539,'博富临置业',1.03,1,2);
INSERT INTO "crawler_accumulated_position" VALUES(320540,'建生国际',0.99,1,2);
INSERT INTO "crawler_accumulated_position" VALUES(320541,'中华汽车',0.94,1,2);
INSERT INTO "crawler_accumulated_position" VALUES(320542,'川河集团',1.3,1,2);
INSERT INTO "crawler_accumulated_position" VALUES(320543,'南洋集团',0.69,1,2);
INSERT INTO "crawler_accumulated_position" VALUES(320544,'九龙建业',4.1,1,2);
INSERT INTO "crawler_accumulated_position" VALUES(320545,'英皇国际',6,1,2);
INSERT INTO "crawler_accumulated_position" VALUES(320546,'万事昌国际',0.89,1,2);
INSERT INTO "crawler_accumulated_position" VALUES(320547,'路劲基建',5.04,1,2);
INSERT INTO "crawler_accumulated_position" VALUES(320548,'廖创兴企业',6.99,1,2);
CREATE TABLE "crawler_portfolio" ("id" integer NOT NULL PRIMARY KEY AUTOINCREMENT, "title" varchar(250) NOT NULL, "slug" varchar(250) NOT NULL, "created" datetime NOT NULL, "status" varchar(10) NOT NULL, "name" varchar(250) NOT NULL, "num" integer NOT NULL, "followers" varchar(250) NOT NULL);
INSERT INTO "crawler_portfolio" VALUES(1,'1180102135','1180102135','2017-03-24 06:30:22.036320','pending','我的首页 ',64,'无可奉告');
INSERT INTO "crawler_portfolio" VALUES(2,'jiangkaijian','5780378715','2017-03-24 06:33:02.979442','pending','Passion启航 ',24,'股票269只  讨论1777条  粉丝21967人');
INSERT INTO "crawler_portfolio" VALUES(6,'3995301829','3995301829','2017-03-24 09:24:49.443698','pending','小狮子旺财',10,'股票112只  讨论1115条  粉丝14333人');
INSERT INTO "crawler_portfolio" VALUES(13,'pepool','8887174323','2017-03-25 03:12:18.764281','pending','原野拾荒',20,'股票294只  讨论938条  粉丝17115人');
CREATE TABLE "polls_question" ("id" integer NOT NULL PRIMARY KEY AUTOINCREMENT, "question_text" varchar(200) NOT NULL, "pub_date" datetime NOT NULL);
INSERT INTO "polls_question" VALUES(1,'今天天气怎样？','2017-03-24 06:49:23');
INSERT INTO "polls_question" VALUES(2,'晚饭吃点什么?','2017-03-24 06:50:04');
CREATE TABLE "polls_choice" ("id" integer NOT NULL PRIMARY KEY AUTOINCREMENT, "choice_text" varchar(200) NOT NULL, "votes" integer NOT NULL, "question_id" integer NOT NULL REFERENCES "polls_question" ("id"));
INSERT INTO "polls_choice" VALUES(1,'晴天',0,1);
INSERT INTO "polls_choice" VALUES(2,'下雨',0,1);
INSERT INTO "polls_choice" VALUES(3,'多云',1,1);
INSERT INTO "polls_choice" VALUES(4,'回南天？？？？',0,1);
INSERT INTO "polls_choice" VALUES(5,'自己做',0,2);
INSERT INTO "polls_choice" VALUES(6,'叫外卖',0,2);
INSERT INTO "polls_choice" VALUES(7,'下馆子',0,2);
CREATE TABLE "django_session" ("session_key" varchar(40) NOT NULL PRIMARY KEY, "session_data" text NOT NULL, "expire_date" datetime NOT NULL);
INSERT INTO "django_session" VALUES('yi9jqobpr8anmbfcx8ol8qoc461l9rd2','MzdjZjZjMDFhZWZlNjZhMjhiMTM1NjQyMzBmYWY5Mjc4YzJhMjNlMjp7Il9hdXRoX3VzZXJfaWQiOiIxIiwiX2F1dGhfdXNlcl9iYWNrZW5kIjoiZGphbmdvLmNvbnRyaWIuYXV0aC5iYWNrZW5kcy5Nb2RlbEJhY2tlbmQiLCJfYXV0aF91c2VyX2hhc2giOiI1NTY3Y2UyMzM0YTg2OWFmNGE1OGI0M2E1NjkzNWVkOTU1NDI3N2JjIn0=','2017-04-07 06:48:40.216890');
INSERT INTO "django_session" VALUES('h9n7d86urdle85fustbfyudyd6mvn2ec','MzdjZjZjMDFhZWZlNjZhMjhiMTM1NjQyMzBmYWY5Mjc4YzJhMjNlMjp7Il9hdXRoX3VzZXJfaWQiOiIxIiwiX2F1dGhfdXNlcl9iYWNrZW5kIjoiZGphbmdvLmNvbnRyaWIuYXV0aC5iYWNrZW5kcy5Nb2RlbEJhY2tlbmQiLCJfYXV0aF91c2VyX2hhc2giOiI1NTY3Y2UyMzM0YTg2OWFmNGE1OGI0M2E1NjkzNWVkOTU1NDI3N2JjIn0=','2017-04-08 15:09:12.885499');
INSERT INTO "django_session" VALUES('rtj76t85olp0lts703a2qr00yastmnq1','ZGYyODFiMjQwNzEzZWViZmU2MWYxNjExYjQ0NjQ2ZDczMzBkNWU4MTp7Il9hdXRoX3VzZXJfaWQiOiIzIiwiX2F1dGhfdXNlcl9iYWNrZW5kIjoiZGphbmdvLmNvbnRyaWIuYXV0aC5iYWNrZW5kcy5Nb2RlbEJhY2tlbmQiLCJfYXV0aF91c2VyX2hhc2giOiIyOGMxYWQzN2M1ZDNkYWQ2NWQzMTM4NjQwNjM4YzQ3YjVmODkyM2Y5In0=','2017-04-08 21:16:33.295506');
INSERT INTO "django_session" VALUES('xdwv7x2kfustj8diq53gjunb7n62bt0t','ZGYyODFiMjQwNzEzZWViZmU2MWYxNjExYjQ0NjQ2ZDczMzBkNWU4MTp7Il9hdXRoX3VzZXJfaWQiOiIzIiwiX2F1dGhfdXNlcl9iYWNrZW5kIjoiZGphbmdvLmNvbnRyaWIuYXV0aC5iYWNrZW5kcy5Nb2RlbEJhY2tlbmQiLCJfYXV0aF91c2VyX2hhc2giOiIyOGMxYWQzN2M1ZDNkYWQ2NWQzMTM4NjQwNjM4YzQ3YjVmODkyM2Y5In0=','2017-04-08 21:39:43.269432');
INSERT INTO "django_session" VALUES('d1yhahb3cv1dfqens76agld0zp4ztaay','ZGYyODFiMjQwNzEzZWViZmU2MWYxNjExYjQ0NjQ2ZDczMzBkNWU4MTp7Il9hdXRoX3VzZXJfaWQiOiIzIiwiX2F1dGhfdXNlcl9iYWNrZW5kIjoiZGphbmdvLmNvbnRyaWIuYXV0aC5iYWNrZW5kcy5Nb2RlbEJhY2tlbmQiLCJfYXV0aF91c2VyX2hhc2giOiIyOGMxYWQzN2M1ZDNkYWQ2NWQzMTM4NjQwNjM4YzQ3YjVmODkyM2Y5In0=','2017-04-08 21:41:46.270622');
INSERT INTO "django_session" VALUES('7v4dcd6xuzyjq85c0cjj2qvzpwg0z61f','MzdjZjZjMDFhZWZlNjZhMjhiMTM1NjQyMzBmYWY5Mjc4YzJhMjNlMjp7Il9hdXRoX3VzZXJfaWQiOiIxIiwiX2F1dGhfdXNlcl9iYWNrZW5kIjoiZGphbmdvLmNvbnRyaWIuYXV0aC5iYWNrZW5kcy5Nb2RlbEJhY2tlbmQiLCJfYXV0aF91c2VyX2hhc2giOiI1NTY3Y2UyMzM0YTg2OWFmNGE1OGI0M2E1NjkzNWVkOTU1NDI3N2JjIn0=','2017-04-08 21:45:42.837866');
CREATE TABLE "courses_subject" ("id" integer NOT NULL PRIMARY KEY AUTOINCREMENT, "title" varchar(200) NOT NULL, "slug" varchar(200) NOT NULL UNIQUE);
INSERT INTO "courses_subject" VALUES(1,'编程','programming');
INSERT INTO "courses_subject" VALUES(2,'做菜','cooking');
CREATE TABLE "courses_course" ("id" integer NOT NULL PRIMARY KEY AUTOINCREMENT, "title" varchar(200) NOT NULL, "slug" varchar(200) NOT NULL UNIQUE, "overview" text NOT NULL, "created" datetime NOT NULL, "owner_id" integer NOT NULL REFERENCES "auth_user" ("id"), "subject_id" integer NOT NULL REFERENCES "courses_subject" ("id"));
INSERT INTO "courses_course" VALUES(1,'计算机科学','compute','计算机科学','2017-03-25 13:59:43.840960',1,1);
CREATE TABLE "courses_file" ("id" integer NOT NULL PRIMARY KEY AUTOINCREMENT, "title" varchar(250) NOT NULL, "created" datetime NOT NULL, "updated" datetime NOT NULL, "file" varchar(100) NOT NULL, "owner_id" integer NOT NULL REFERENCES "auth_user" ("id"));
INSERT INTO "courses_file" VALUES(1,'文件上传','2017-03-25 16:56:33.807694','2017-03-25 16:56:33.807726','files/wKioL1VlNmDCByYXAAs0qvj8iuU818.jpg',1);
CREATE TABLE "courses_image" ("id" integer NOT NULL PRIMARY KEY AUTOINCREMENT, "title" varchar(250) NOT NULL, "created" datetime NOT NULL, "updated" datetime NOT NULL, "file" varchar(100) NOT NULL, "owner_id" integer NOT NULL REFERENCES "auth_user" ("id"));
INSERT INTO "courses_image" VALUES(1,'图片','2017-03-25 16:55:26.632883','2017-03-25 16:55:26.632920','images/icon_jiCPRcP.jpg',1);
CREATE TABLE "courses_text" ("id" integer NOT NULL PRIMARY KEY AUTOINCREMENT, "title" varchar(250) NOT NULL, "created" datetime NOT NULL, "updated" datetime NOT NULL, "content" text NOT NULL, "owner_id" integer NOT NULL REFERENCES "auth_user" ("id"));
INSERT INTO "courses_text" VALUES(1,'文字测试','2017-03-25 16:55:47.925801','2017-03-25 16:55:47.925834','文字测试',1);
CREATE TABLE "courses_content" ("id" integer NOT NULL PRIMARY KEY AUTOINCREMENT, "object_id" integer unsigned NOT NULL, "content_type_id" integer NOT NULL REFERENCES "django_content_type" ("id"), "module_id" integer NOT NULL REFERENCES "courses_module" ("id"), "order" integer unsigned NOT NULL);
INSERT INTO "courses_content" VALUES(1,1,17,1,0);
INSERT INTO "courses_content" VALUES(5,1,13,1,1);
INSERT INTO "courses_content" VALUES(6,1,14,1,2);
INSERT INTO "courses_content" VALUES(7,1,12,1,3);
INSERT INTO "courses_content" VALUES(8,5,17,2,1);
INSERT INTO "courses_content" VALUES(11,8,17,1,4);
CREATE TABLE "courses_module" ("id" integer NOT NULL PRIMARY KEY AUTOINCREMENT, "title" varchar(200) NOT NULL, "description" text NOT NULL, "course_id" integer NOT NULL REFERENCES "courses_course" ("id"), "order" integer unsigned NOT NULL);
INSERT INTO "courses_module" VALUES(1,'计算机起源','计算机起源',1,0);
INSERT INTO "courses_module" VALUES(2,'计算机构成','计算机构成',1,1);
CREATE TABLE "courses_course_students" ("id" integer NOT NULL PRIMARY KEY AUTOINCREMENT, "course_id" integer NOT NULL REFERENCES "courses_course" ("id"), "user_id" integer NOT NULL REFERENCES "auth_user" ("id"));
INSERT INTO "courses_course_students" VALUES(1,1,1);
INSERT INTO "courses_course_students" VALUES(2,1,3);
CREATE TABLE "courses_video" ("id" integer NOT NULL PRIMARY KEY AUTOINCREMENT, "title" varchar(250) NOT NULL, "created" datetime NOT NULL, "updated" datetime NOT NULL, "owner_id" integer NOT NULL REFERENCES "auth_user" ("id"), "url" varchar(250) NOT NULL);
INSERT INTO "courses_video" VALUES(1,'土豆视频','2017-03-25 15:57:19.050347','2017-03-25 16:52:12.516035',1,'<embed src="http://www.tudou.com/v/61Rax7kvQyM/&bid=05&resourceId=0_05_05_99/v.swf" type="application/x-shockwave-flash" allowscriptaccess="always" allowfullscreen="true" wmode="opaque" width="480" height="400"></embed>');
INSERT INTO "courses_video" VALUES(5,'bilibili','2017-03-25 21:22:31.317055','2017-03-25 21:22:31.317089',1,'<embed height="415" width="544" quality="high" allowfullscreen="true" type="application/x-shockwave-flash" src="//static.hdslb.com/miniloader.swf" flashvars="aid=9372087&page=1" pluginspage="//www.adobe.com/shockwave/download/download.cgi?P1_Prod_Ver');
INSERT INTO "courses_video" VALUES(8,'支持ios播放','2017-03-25 21:53:43.780531','2017-03-25 21:53:43.780568',1,'<iframe height=498 width=510 src=''http://player.youku.com/embed/XNjk1MDg1NDQ0'' frameborder=0 ''allowfullscreen''></iframe>');
DELETE FROM sqlite_sequence;
INSERT INTO "sqlite_sequence" VALUES('django_migrations',26);
INSERT INTO "sqlite_sequence" VALUES('django_admin_log',25);
INSERT INTO "sqlite_sequence" VALUES('django_content_type',19);
INSERT INTO "sqlite_sequence" VALUES('auth_permission',57);
INSERT INTO "sqlite_sequence" VALUES('auth_user',3);
INSERT INTO "sqlite_sequence" VALUES('crawler_accumulated_position',320548);
INSERT INTO "sqlite_sequence" VALUES('crawler_portfolio',23);
INSERT INTO "sqlite_sequence" VALUES('polls_choice',7);
INSERT INTO "sqlite_sequence" VALUES('crawler_positions_change',283051);
INSERT INTO "sqlite_sequence" VALUES('polls_question',2);
INSERT INTO "sqlite_sequence" VALUES('courses_course',3);
INSERT INTO "sqlite_sequence" VALUES('courses_content',11);
INSERT INTO "sqlite_sequence" VALUES('courses_module',2);
INSERT INTO "sqlite_sequence" VALUES('courses_course_students',3);
INSERT INTO "sqlite_sequence" VALUES('courses_video',8);
INSERT INTO "sqlite_sequence" VALUES('courses_subject',2);
INSERT INTO "sqlite_sequence" VALUES('courses_image',1);
INSERT INTO "sqlite_sequence" VALUES('courses_text',1);
INSERT INTO "sqlite_sequence" VALUES('courses_file',1);
CREATE UNIQUE INDEX "auth_group_permissions_group_id_0cd325b0_uniq" ON "auth_group_permissions" ("group_id", "permission_id");
CREATE INDEX "auth_group_permissions_0e939a4f" ON "auth_group_permissions" ("group_id");
CREATE INDEX "auth_group_permissions_8373b171" ON "auth_group_permissions" ("permission_id");
CREATE UNIQUE INDEX "auth_user_groups_user_id_94350c0c_uniq" ON "auth_user_groups" ("user_id", "group_id");
CREATE INDEX "auth_user_groups_e8701ad4" ON "auth_user_groups" ("user_id");
CREATE INDEX "auth_user_groups_0e939a4f" ON "auth_user_groups" ("group_id");
CREATE UNIQUE INDEX "auth_user_user_permissions_user_id_14a6b632_uniq" ON "auth_user_user_permissions" ("user_id", "permission_id");
CREATE INDEX "auth_user_user_permissions_e8701ad4" ON "auth_user_user_permissions" ("user_id");
CREATE INDEX "auth_user_user_permissions_8373b171" ON "auth_user_user_permissions" ("permission_id");
CREATE INDEX "django_admin_log_417f1b1c" ON "django_admin_log" ("content_type_id");
CREATE INDEX "django_admin_log_e8701ad4" ON "django_admin_log" ("user_id");
CREATE UNIQUE INDEX "django_content_type_app_label_76bd3d3b_uniq" ON "django_content_type" ("app_label", "model");
CREATE UNIQUE INDEX "auth_permission_content_type_id_01ab375a_uniq" ON "auth_permission" ("content_type_id", "codename");
CREATE INDEX "auth_permission_417f1b1c" ON "auth_permission" ("content_type_id");
CREATE INDEX "crawler_positions_change_fcd19535" ON "crawler_positions_change" ("portfolio_id");
CREATE INDEX "crawler_accumulated_position_12a032ce" ON "crawler_accumulated_position" ("people");
CREATE INDEX "crawler_accumulated_position_fcd19535" ON "crawler_accumulated_position" ("portfolio_id");
CREATE INDEX "crawler_portfolio_2dbcba41" ON "crawler_portfolio" ("slug");
CREATE INDEX "polls_choice_7aa0f6ee" ON "polls_choice" ("question_id");
CREATE INDEX "django_session_de54fa62" ON "django_session" ("expire_date");
CREATE INDEX "courses_course_5e7b1936" ON "courses_course" ("owner_id");
CREATE INDEX "courses_course_ffaba1d1" ON "courses_course" ("subject_id");
CREATE INDEX "courses_file_5e7b1936" ON "courses_file" ("owner_id");
CREATE INDEX "courses_image_5e7b1936" ON "courses_image" ("owner_id");
CREATE INDEX "courses_text_5e7b1936" ON "courses_text" ("owner_id");
CREATE INDEX "courses_content_417f1b1c" ON "courses_content" ("content_type_id");
CREATE INDEX "courses_content_c9799665" ON "courses_content" ("module_id");
CREATE INDEX "courses_module_ea134da7" ON "courses_module" ("course_id");
CREATE UNIQUE INDEX "courses_course_students_course_id_8f9097c6_uniq" ON "courses_course_students" ("course_id", "user_id");
CREATE INDEX "courses_course_students_ea134da7" ON "courses_course_students" ("course_id");
CREATE INDEX "courses_course_students_e8701ad4" ON "courses_course_students" ("user_id");
CREATE INDEX "courses_video_5e7b1936" ON "courses_video" ("owner_id");
COMMIT;
